Order Count,Product 1,Product 2,Supprt %
546,JUMBO BAG PINK POLKADOT,JUMBO BAG RED RETROSPOT,2.95
541,GREEN REGENCY TEACUP AND SAUCER,ROSES REGENCY TEACUP AND SAUCER ,2.92
530,ALARM CLOCK BAKELIKE GREEN,ALARM CLOCK BAKELIKE RED ,2.86
523,LUNCH BAG PINK POLKADOT,LUNCH BAG RED RETROSPOT,2.82
517,LUNCH BAG  BLACK SKULL.,LUNCH BAG RED RETROSPOT,2.79
468,WOODEN FRAME ANTIQUE WHITE ,WOODEN PICTURE FRAME WHITE FINISH,2.52
467,LUNCH BAG RED RETROSPOT,LUNCH BAG SPACEBOY DESIGN ,2.52
464,LUNCH BAG  BLACK SKULL.,LUNCH BAG PINK POLKADOT,2.5
463,GARDENERS KNEELING PAD CUP OF TEA ,GARDENERS KNEELING PAD KEEP CALM ,2.5
460,GREEN REGENCY TEACUP AND SAUCER,PINK REGENCY TEACUP AND SAUCER,2.48
458,LUNCH BAG CARS BLUE,LUNCH BAG RED RETROSPOT,2.47
455,RED HANGING HEART T-LIGHT HOLDER,WHITE HANGING HEART T-LIGHT HOLDER,2.45
451,PAPER CHAIN KIT 50'S CHRISTMAS ,PAPER CHAIN KIT VINTAGE CHRISTMAS,2.43
450,LUNCH BAG RED RETROSPOT,LUNCH BAG SUKI DESIGN ,2.43
436,PINK REGENCY TEACUP AND SAUCER,ROSES REGENCY TEACUP AND SAUCER ,2.35
434,JUMBO BAG RED RETROSPOT,JUMBO STORAGE BAG SUKI,2.34
433,LUNCH BAG RED RETROSPOT,LUNCH BAG WOODLAND,2.34
427,LUNCH BAG CARS BLUE,LUNCH BAG PINK POLKADOT,2.3
425,JUMBO BAG RED RETROSPOT,LUNCH BAG RED RETROSPOT,2.29
424,DOLLY GIRL LUNCH BOX,SPACEBOY LUNCH BOX ,2.29
421,LUNCH BAG  BLACK SKULL.,LUNCH BAG CARS BLUE,2.27
420,REGENCY CAKESTAND 3 TIER,ROSES REGENCY TEACUP AND SAUCER ,2.27
418,LUNCH BAG  BLACK SKULL.,LUNCH BAG SPACEBOY DESIGN ,2.26
414,JUMBO BAG RED RETROSPOT,JUMBO BAG STRAWBERRY,2.23
409,LUNCH BAG  BLACK SKULL.,LUNCH BAG SUKI DESIGN ,2.21
407,HEART OF WICKER LARGE,HEART OF WICKER SMALL,2.2
405,LUNCH BAG SPACEBOY DESIGN ,LUNCH BAG WOODLAND,2.18
396,ALARM CLOCK BAKELIKE PINK,ALARM CLOCK BAKELIKE RED ,2.14
396,JUMBO BAG RED RETROSPOT,JUMBO SHOPPER VINTAGE RED PAISLEY,2.14
391,LUNCH BAG CARS BLUE,LUNCH BAG SPACEBOY DESIGN ,2.11
390,LUNCH BAG CARS BLUE,LUNCH BAG SUKI DESIGN ,2.1
389,PARTY BUNTING,SPOTTY BUNTING,2.1
389,LUNCH BAG APPLE DESIGN,LUNCH BAG RED RETROSPOT,2.1
378,LUNCH BAG SPACEBOY DESIGN ,LUNCH BAG SUKI DESIGN ,2.04
374,GREEN REGENCY TEACUP AND SAUCER,REGENCY CAKESTAND 3 TIER,2.02
367,LUNCH BAG PINK POLKADOT,LUNCH BAG SPACEBOY DESIGN ,1.98
362,LUNCH BAG CARS BLUE,LUNCH BAG WOODLAND,1.95
362,JUMBO  BAG BAROQUE BLACK WHITE,JUMBO BAG RED RETROSPOT,1.95
360,LUNCH BAG APPLE DESIGN,LUNCH BAG SUKI DESIGN ,1.94
358,LUNCH BAG PINK POLKADOT,LUNCH BAG SUKI DESIGN ,1.93
356,LUNCH BAG DOLLY GIRL DESIGN,LUNCH BAG SPACEBOY DESIGN ,1.92
351,JUMBO BAG APPLES,JUMBO BAG RED RETROSPOT,1.89
347,LUNCH BAG  BLACK SKULL.,LUNCH BAG WOODLAND,1.87
345,JUMBO BAG RED RETROSPOT,JUMBO BAG VINTAGE LEAF,1.86
343,ALARM CLOCK BAKELIKE GREEN,ALARM CLOCK BAKELIKE PINK,1.85
335,PACK OF 60 PINK PAISLEY CAKE CASES,PACK OF 72 RETROSPOT CAKE CASES,1.81
331,JUMBO BAG PINK VINTAGE PAISLEY,JUMBO BAG RED RETROSPOT,1.79
330,60 TEATIME FAIRY CAKE CASES,PACK OF 72 RETROSPOT CAKE CASES,1.78
322,CHARLOTTE BAG PINK POLKADOT,RED RETROSPOT CHARLOTTE BAG,1.74
320,LUNCH BAG  BLACK SKULL.,LUNCH BAG APPLE DESIGN,1.73
319,WOODEN HEART CHRISTMAS SCANDINAVIAN,WOODEN STAR CHRISTMAS SCANDINAVIAN,1.72
318,LUNCH BAG PINK POLKADOT,LUNCH BAG WOODLAND,1.72
314,ALARM CLOCK BAKELIKE IVORY,ALARM CLOCK BAKELIKE RED ,1.69
312,JUMBO BAG APPLES,JUMBO BAG PEARS,1.68
311,BAKING SET 9 PIECE RETROSPOT ,BAKING SET SPACEBOY DESIGN,1.68
310,LUNCH BAG APPLE DESIGN,LUNCH BAG SPACEBOY DESIGN ,1.67
309,PINK REGENCY TEACUP AND SAUCER,REGENCY CAKESTAND 3 TIER,1.67
309,LUNCH BAG DOLLY GIRL DESIGN,LUNCH BAG RED RETROSPOT,1.67
308,WHITE HANGING HEART T-LIGHT HOLDER,WOODEN PICTURE FRAME WHITE FINISH,1.66
308,JAM MAKING SET PRINTED,JAM MAKING SET WITH JARS,1.66
308,LUNCH BAG ALPHABET DESIGN,LUNCH BAG APPLE DESIGN,1.66
307,LUNCH BAG SUKI DESIGN ,LUNCH BAG WOODLAND,1.66
304,LUNCH BAG APPLE DESIGN,LUNCH BAG VINTAGE LEAF DESIGN,1.64
298,CHARLOTTE BAG SUKI DESIGN,RED RETROSPOT CHARLOTTE BAG,1.61
298,SET OF 3 CAKE TINS PANTRY DESIGN ,SET OF 6 SPICE TINS PANTRY DESIGN,1.61
298,LUNCH BAG APPLE DESIGN,LUNCH BAG WOODLAND,1.61
296,JUMBO BAG APPLES,LUNCH BAG APPLE DESIGN,1.6
296,RED RETROSPOT CHARLOTTE BAG,STRAWBERRY CHARLOTTE BAG,1.6
296,JUMBO BAG ALPHABET,JUMBO BAG RED RETROSPOT,1.6
293,JUMBO BAG PINK POLKADOT,JUMBO BAG STRAWBERRY,1.58
292,PLASTERS IN TIN SPACEBOY,PLASTERS IN TIN WOODLAND ANIMALS,1.58
291,JUMBO BAG RED RETROSPOT,JUMBO BAG VINTAGE DOILY ,1.57
290,LUNCH BAG APPLE DESIGN,LUNCH BAG CARS BLUE,1.56
290,HEART OF WICKER LARGE,WHITE HANGING HEART T-LIGHT HOLDER,1.56
290,LUNCH BAG APPLE DESIGN,LUNCH BAG PINK POLKADOT,1.56
289,RED RETROSPOT CHARLOTTE BAG,WOODLAND CHARLOTTE BAG,1.56
288,CHOCOLATE HOT WATER BOTTLE,HOT WATER BOTTLE I AM SO POORLY,1.55
284,JUMBO BAG APPLES,JUMBO BAG VINTAGE LEAF,1.53
281,LARGE WHITE HEART OF WICKER,SMALL WHITE HEART OF WICKER,1.52
281,JUMBO BAG PINK POLKADOT,JUMBO STORAGE BAG SUKI,1.52
281,HAND WARMER OWL DESIGN,HAND WARMER SCOTTY DOG DESIGN,1.52
280,60 TEATIME FAIRY CAKE CASES,PACK OF 60 PINK PAISLEY CAKE CASES,1.51
279,PARTY BUNTING,WHITE HANGING HEART T-LIGHT HOLDER,1.51
277,JUMBO BAG RED RETROSPOT,LUNCH BAG PINK POLKADOT,1.49
277,JUMBO BAG ALPHABET,JUMBO BAG APPLES,1.49
276,JUMBO BAG RED RETROSPOT,RED RETROSPOT CHARLOTTE BAG,1.49
275,COOK WITH WINE METAL SIGN ,GIN + TONIC DIET METAL SIGN,1.48
275,ALARM CLOCK BAKELIKE GREEN,ALARM CLOCK BAKELIKE IVORY,1.48
275,HOME BUILDING BLOCK WORD,LOVE BUILDING BLOCK WORD,1.48
272,BLUE HARMONICA IN BOX ,RED  HARMONICA IN BOX ,1.47
272,JUMBO BAG RED RETROSPOT,LUNCH BAG  BLACK SKULL.,1.47
271,ASSORTED COLOUR BIRD ORNAMENT,WHITE HANGING HEART T-LIGHT HOLDER,1.46
268,HEART OF WICKER SMALL,WHITE HANGING HEART T-LIGHT HOLDER,1.45
268,JUMBO BAG RED RETROSPOT,JUMBO BAG SCANDINAVIAN BLUE PAISLEY,1.45
267,HAND WARMER BIRD DESIGN,HAND WARMER OWL DESIGN,1.44
267,PACK OF 60 DINOSAUR CAKE CASES,PACK OF 72 RETROSPOT CAKE CASES,1.44
267,JUMBO BAG RED RETROSPOT,JUMBO BAG SPACEBOY DESIGN,1.44
265,IVORY KITCHEN SCALES,RED KITCHEN SCALES,1.43
265,NATURAL SLATE HEART CHALKBOARD ,WHITE HANGING HEART T-LIGHT HOLDER,1.43
265,COOK WITH WINE METAL SIGN ,PLEASE ONE PERSON METAL SIGN,1.43
265,RECIPE BOX PANTRY YELLOW DESIGN,SET OF 3 CAKE TINS PANTRY DESIGN ,1.43
264,LUNCH BAG  BLACK SKULL.,LUNCH BAG DOLLY GIRL DESIGN,1.42
263,LUNCH BAG RED RETROSPOT,LUNCH BAG VINTAGE LEAF DESIGN,1.42
262,JUMBO BAG ALPHABET,JUMBO BAG VINTAGE LEAF,1.41
262,JUMBO BAG RED RETROSPOT,JUMBO BAG WOODLAND ANIMALS,1.41
262,ROUND SNACK BOXES SET OF 4 FRUITS ,ROUND SNACK BOXES SET OF4 WOODLAND ,1.41
262,COOK WITH WINE METAL SIGN ,HAND OVER THE CHOCOLATE   SIGN ,1.41
260,CHOCOLATE HOT WATER BOTTLE,HOT WATER BOTTLE TEA AND SYMPATHY,1.4
258,LUNCH BAG ALPHABET DESIGN,LUNCH BAG RED RETROSPOT,1.39
257,LUNCH BAG ALPHABET DESIGN,LUNCH BAG SUKI DESIGN ,1.39
256,PLASTERS IN TIN CIRCUS PARADE ,PLASTERS IN TIN WOODLAND ANIMALS,1.38
256,JUMBO BAG RED RETROSPOT,LUNCH BAG CARS BLUE,1.38
255,ASSORTED COLOUR BIRD ORNAMENT,PAINTED METAL PEARS ASSORTED,1.38
255,LUNCH BAG DOLLY GIRL DESIGN,LUNCH BAG SUKI DESIGN ,1.38
255,JUMBO BAG PINK VINTAGE PAISLEY,JUMBO SHOPPER VINTAGE RED PAISLEY,1.38
255,WHITE HANGING HEART T-LIGHT HOLDER,WOODEN FRAME ANTIQUE WHITE ,1.38
254,BLUE HAPPY BIRTHDAY BUNTING,PINK HAPPY BIRTHDAY BUNTING,1.37
254,POPPY'S PLAYHOUSE BEDROOM ,POPPY'S PLAYHOUSE KITCHEN,1.37
253,JUMBO BAG PINK POLKADOT,JUMBO BAG PINK VINTAGE PAISLEY,1.36
253,JUMBO SHOPPER VINTAGE RED PAISLEY,JUMBO STORAGE BAG SUKI,1.36
253,LUNCH BAG DOLLY GIRL DESIGN,LUNCH BAG WOODLAND,1.36
253,CANDLEHOLDER PINK HANGING HEART,WHITE HANGING HEART T-LIGHT HOLDER,1.36
252,LUNCH BAG SUKI DESIGN ,LUNCH BAG VINTAGE LEAF DESIGN,1.36
251,JUMBO BAG RED RETROSPOT,WHITE HANGING HEART T-LIGHT HOLDER,1.35
250,REGENCY CAKESTAND 3 TIER,SET OF 3 REGENCY CAKE TINS,1.35
250,JUMBO  BAG BAROQUE BLACK WHITE,JUMBO BAG PINK POLKADOT,1.35
250,VINTAGE HEADS AND TAILS CARD GAME ,VINTAGE SNAP CARDS,1.35
249,GIN + TONIC DIET METAL SIGN,HAND OVER THE CHOCOLATE   SIGN ,1.34
248,PACK OF 72 RETROSPOT CAKE CASES,PACK OF 72 SKULL CAKE CASES,1.34
248,JUMBO BAG RED RETROSPOT,JUMBO STORAGE BAG SKULLS,1.34
246,CHOCOLATE HOT WATER BOTTLE,HOT WATER BOTTLE KEEP CALM,1.33
246,ALARM CLOCK BAKELIKE ORANGE,ALARM CLOCK BAKELIKE RED ,1.33
246,SET OF 12 FAIRY CAKE BAKING CASES,SET OF 12 MINI LOAF BAKING CASES,1.33
245,JUMBO BAG PINK POLKADOT,LUNCH BAG PINK POLKADOT,1.32
245,LUNCH BAG ALPHABET DESIGN,LUNCH BAG SPACEBOY DESIGN ,1.32
245,LUNCH BAG CARS BLUE,LUNCH BAG DOLLY GIRL DESIGN,1.32
245,JUMBO BAG 50'S CHRISTMAS ,JUMBO BAG VINTAGE CHRISTMAS ,1.32
245,PLASTERS IN TIN CIRCUS PARADE ,PLASTERS IN TIN SPACEBOY,1.32
244,LUNCH BAG ALPHABET DESIGN,LUNCH BAG VINTAGE LEAF DESIGN,1.32
244,JUMBO BAG PINK POLKADOT,JUMBO SHOPPER VINTAGE RED PAISLEY,1.32
244,LUNCH BAG  BLACK SKULL.,LUNCH BAG ALPHABET DESIGN,1.32
244,LUNCH BAG RED RETROSPOT,LUNCH BAG VINTAGE DOILY ,1.32
243,LUNCH BAG  BLACK SKULL.,LUNCH BAG VINTAGE LEAF DESIGN,1.31
243,SET OF 3 BUTTERFLY COOKIE CUTTERS,SET OF 3 HEART COOKIE CUTTERS,1.31
242,JAM MAKING SET WITH JARS,SET OF 3 CAKE TINS PANTRY DESIGN ,1.31
242,CHARLOTTE BAG SUKI DESIGN,WOODLAND CHARLOTTE BAG,1.31
241,JUMBO BAG PINK VINTAGE PAISLEY,JUMBO BAG SCANDINAVIAN BLUE PAISLEY,1.3
241,JUMBO  BAG BAROQUE BLACK WHITE,JUMBO STORAGE BAG SUKI,1.3
240,HAND WARMER BIRD DESIGN,HAND WARMER SCOTTY DOG DESIGN,1.29
240,CHOCOLATE HOT WATER BOTTLE,SCOTTIE DOG HOT WATER BOTTLE,1.29
240,LUNCH BAG RED RETROSPOT,RED RETROSPOT CHARLOTTE BAG,1.29
240,JUMBO BAG PEARS,JUMBO BAG VINTAGE LEAF,1.29
238,POSTAGE,ROUND SNACK BOXES SET OF4 WOODLAND ,1.28
238,JUMBO BAG PINK POLKADOT,LUNCH BAG RED RETROSPOT,1.28
238,JUMBO STORAGE BAG SUKI,LUNCH BAG RED RETROSPOT,1.28
238,FELTCRAFT PRINCESS CHARLOTTE DOLL,FELTCRAFT PRINCESS LOLA DOLL,1.28
237,JUMBO  BAG BAROQUE BLACK WHITE,JUMBO SHOPPER VINTAGE RED PAISLEY,1.28
236,SET/6 RED SPOTTY PAPER CUPS,SET/6 RED SPOTTY PAPER PLATES,1.27
236,GIN + TONIC DIET METAL SIGN,PLEASE ONE PERSON METAL SIGN,1.27
235,HAND OVER THE CHOCOLATE   SIGN ,PLEASE ONE PERSON METAL SIGN,1.27
235,LUNCH BAG DOLLY GIRL DESIGN,LUNCH BAG PINK POLKADOT,1.27
235,REGENCY CAKESTAND 3 TIER,WHITE HANGING HEART T-LIGHT HOLDER,1.27
235,PINK BLUE FELT CRAFT TRINKET BOX,PINK CREAM FELT CRAFT TRINKET BOX ,1.27
234,CHARLOTTE BAG SUKI DESIGN,STRAWBERRY CHARLOTTE BAG,1.26
234,ALARM CLOCK BAKELIKE IVORY,ALARM CLOCK BAKELIKE PINK,1.26
234,LUNCH BAG ALPHABET DESIGN,LUNCH BAG CARS BLUE,1.26
233,JUMBO BAG RED RETROSPOT,LUNCH BAG SUKI DESIGN ,1.26
232,BAKING SET 9 PIECE RETROSPOT ,RETROSPOT TEA SET CERAMIC 11 PC ,1.25
231,ASSORTED COLOUR BIRD ORNAMENT,REGENCY CAKESTAND 3 TIER,1.25
231,JUMBO BAG ALPHABET,LUNCH BAG ALPHABET DESIGN,1.25
229,PARTY BUNTING,REGENCY CAKESTAND 3 TIER,1.24
229,SET/20 RED RETROSPOT PAPER NAPKINS ,SET/6 RED SPOTTY PAPER PLATES,1.24
229,REGENCY TEA PLATE GREEN ,REGENCY TEA PLATE ROSES ,1.24
228,HOT WATER BOTTLE KEEP CALM,HOT WATER BOTTLE TEA AND SYMPATHY,1.23
227,CHARLOTTE BAG PINK POLKADOT,CHARLOTTE BAG SUKI DESIGN,1.22
227,JUMBO BAG VINTAGE DOILY ,LUNCH BAG VINTAGE DOILY ,1.22
226,72 SWEETHEART FAIRY CAKE CASES,PACK OF 72 RETROSPOT CAKE CASES,1.22
226,JUMBO BAG VINTAGE DOILY ,JUMBO BAG VINTAGE LEAF,1.22
226,WOODEN STAR CHRISTMAS SCANDINAVIAN,WOODEN TREE CHRISTMAS SCANDINAVIAN,1.22
226,ALARM CLOCK BAKELIKE CHOCOLATE,ALARM CLOCK BAKELIKE RED ,1.22
226,LUNCH BAG RED RETROSPOT,WHITE HANGING HEART T-LIGHT HOLDER,1.22
225,LUNCH BAG SPACEBOY DESIGN ,LUNCH BAG VINTAGE LEAF DESIGN,1.21
225,LUNCH BAG ALPHABET DESIGN,LUNCH BAG PINK POLKADOT,1.21
225,BATHROOM METAL SIGN,TOILET METAL SIGN,1.21
225,SMALL DOLLY MIX DESIGN ORANGE BOWL,SMALL MARSHMALLOWS PINK BOWL,1.21
223,60 TEATIME FAIRY CAKE CASES,PACK OF 60 DINOSAUR CAKE CASES,1.2
223,JUMBO BAG APPLES,JUMBO BAG PINK POLKADOT,1.2
222,JUMBO BAG RED RETROSPOT,LUNCH BAG APPLE DESIGN,1.2
222,60 TEATIME FAIRY CAKE CASES,72 SWEETHEART FAIRY CAKE CASES,1.2
222,JUMBO STORAGE BAG SUKI,LUNCH BAG SUKI DESIGN ,1.2
221,RETROSPOT HEART HOT WATER BOTTLE,SCOTTIE DOG HOT WATER BOTTLE,1.19
220,ALARM CLOCK BAKELIKE GREEN,ALARM CLOCK BAKELIKE ORANGE,1.19
219,PLASTERS IN TIN CIRCUS PARADE ,PLASTERS IN TIN STRONGMAN,1.18
218,HOT WATER BOTTLE KEEP CALM,LOVE HOT WATER BOTTLE,1.18
218,REGENCY CAKESTAND 3 TIER,SET OF 3 CAKE TINS PANTRY DESIGN ,1.18
217,JUMBO BAG STRAWBERRY,JUMBO STORAGE BAG SUKI,1.17
217,JUMBO BAG RED RETROSPOT,LUNCH BAG SPACEBOY DESIGN ,1.17
215,POPPY'S PLAYHOUSE KITCHEN,POPPY'S PLAYHOUSE LIVINGROOM ,1.16
215,SET OF 12 FAIRY CAKE BAKING CASES,SET OF 6 TEA TIME BAKING CASES,1.16
214,SET OF 3 CAKE TINS PANTRY DESIGN ,SET OF TEA COFFEE SUGAR TINS PANTRY,1.15
214,STRAWBERRY CHARLOTTE BAG,WOODLAND CHARLOTTE BAG,1.15
213,PACK OF 72 RETROSPOT CAKE CASES,SET/20 RED RETROSPOT PAPER NAPKINS ,1.15
213,JUMBO BAG DOILEY PATTERNS,LUNCH BAG DOILEY PATTERN ,1.15
212,PACK OF 60 SPACEBOY CAKE CASES,PACK OF 72 RETROSPOT CAKE CASES,1.14
211,CHARLOTTE BAG APPLES DESIGN,RED RETROSPOT CHARLOTTE BAG,1.14
211,BLUE STRIPE CERAMIC DRAWER KNOB,RED STRIPE CERAMIC DRAWER KNOB,1.14
210,ALARM CLOCK BAKELIKE CHOCOLATE,ALARM CLOCK BAKELIKE GREEN,1.13
209,HAND WARMER OWL DESIGN,HAND WARMER UNION JACK,1.13
209,CHARLOTTE BAG PINK POLKADOT,STRAWBERRY CHARLOTTE BAG,1.13
209,HOME BUILDING BLOCK WORD,WHITE HANGING HEART T-LIGHT HOLDER,1.13
209,JUMBO BAG VINTAGE LEAF,LUNCH BAG VINTAGE LEAF DESIGN,1.13
208,JUMBO BAG VINTAGE LEAF,JUMBO SHOPPER VINTAGE RED PAISLEY,1.12
207,CHILDRENS CUTLERY DOLLY GIRL ,CHILDRENS CUTLERY SPACEBOY ,1.12
207,JUMBO BAG PINK POLKADOT,JUMBO STORAGE BAG SKULLS,1.12
206,REGENCY MILK JUG PINK ,REGENCY SUGAR BOWL GREEN,1.11
206,STRAWBERRY CERAMIC TRINKET BOX,SWEETHEART CERAMIC TRINKET BOX,1.11
206,RECIPE BOX PANTRY YELLOW DESIGN,RECIPE BOX RETROSPOT ,1.11
205,JUMBO  BAG BAROQUE BLACK WHITE,JUMBO BAG STRAWBERRY,1.11
205,POPPY'S PLAYHOUSE BEDROOM ,POPPY'S PLAYHOUSE LIVINGROOM ,1.11
205,JUMBO BAG PEARS,JUMBO BAG RED RETROSPOT,1.11
204,LUNCH BAG APPLE DESIGN,LUNCH BAG DOLLY GIRL DESIGN,1.1
204,LUNCH BAG ALPHABET DESIGN,LUNCH BAG WOODLAND,1.1
204,JUMBO BAG PINK POLKADOT,JUMBO BAG SPACEBOY DESIGN,1.1
203,CHRISTMAS CRAFT LITTLE FRIENDS,CHRISTMAS CRAFT WHITE FAIRY ,1.1
203,LUNCH BAG CARS BLUE,LUNCH BAG VINTAGE LEAF DESIGN,1.1
203,HAND WARMER OWL DESIGN,HAND WARMER RED LOVE HEART,1.1
202,REGENCY TEA PLATE GREEN ,REGENCY TEA PLATE PINK,1.09
202,SET OF 12 FAIRY CAKE BAKING CASES,SET OF 6 SNACK LOAF BAKING CASES,1.09
202,JUMBO BAG OWLS,JUMBO BAG RED RETROSPOT,1.09
202,JAM MAKING SET PRINTED,SET OF 3 CAKE TINS PANTRY DESIGN ,1.09
201,LUNCH BAG  BLACK SKULL.,RED RETROSPOT CHARLOTTE BAG,1.08
201,JUMBO BAG PINK VINTAGE PAISLEY,JUMBO BAG STRAWBERRY,1.08
201,PLASTERS IN TIN STRONGMAN,PLASTERS IN TIN WOODLAND ANIMALS,1.08
201,FELTCRAFT CUSHION BUTTERFLY,FELTCRAFT CUSHION RABBIT,1.08
201,HEART OF WICKER SMALL,SMALL WHITE HEART OF WICKER,1.08
200,WOODEN HEART CHRISTMAS SCANDINAVIAN,WOODEN TREE CHRISTMAS SCANDINAVIAN,1.08
200,IVORY DINER WALL CLOCK,RED DINER WALL CLOCK,1.08
200,LUNCH BAG SPACEBOY DESIGN ,SPACEBOY LUNCH BOX ,1.08
200,JUMBO BAG VINTAGE LEAF,JUMBO STORAGE BAG SUKI,1.08
200,LUNCH BAG  BLACK SKULL.,LUNCH BAG VINTAGE DOILY ,1.08
200,FELTCRAFT CUSHION OWL,FELTCRAFT CUSHION RABBIT,1.08
199,PACK OF 60 DINOSAUR CAKE CASES,PACK OF 60 PINK PAISLEY CAKE CASES,1.07
199,JUMBO BAG SPACEBOY DESIGN,JUMBO STORAGE BAG SUKI,1.07
199,JUMBO BAG PINK POLKADOT,JUMBO BAG WOODLAND ANIMALS,1.07
199,PINK VINTAGE PAISLEY PICNIC BAG,SCANDINAVIAN PAISLEY PICNIC BAG,1.07
198,JUMBO BAG DOILEY PATTERNS,JUMBO BAG VINTAGE LEAF,1.07
198,WOOD 2 DRAWER CABINET WHITE FINISH,WOODEN PICTURE FRAME WHITE FINISH,1.07
198,JUMBO BAG SCANDINAVIAN BLUE PAISLEY,JUMBO SHOPPER VINTAGE RED PAISLEY,1.07
198,CHRISTMAS CRAFT LITTLE FRIENDS,CHRISTMAS CRAFT TREE TOP ANGEL,1.07
198,LUNCH BAG PINK POLKADOT,WHITE HANGING HEART T-LIGHT HOLDER,1.07
197,JUMBO BAG ALPHABET,JUMBO BAG PINK POLKADOT,1.06
197,JUMBO BAG APPLES,LUNCH BAG RED RETROSPOT,1.06
197,LUNCH BAG RED RETROSPOT,PACK OF 72 RETROSPOT CAKE CASES,1.06
197,REGENCY TEA PLATE PINK,REGENCY TEA PLATE ROSES ,1.06
197,JUMBO BAG PINK POLKADOT,JUMBO BAG VINTAGE LEAF,1.06
197,JUMBO BAG PINK POLKADOT,LUNCH BAG  BLACK SKULL.,1.06
197,SET OF 3 CAKE TINS PANTRY DESIGN ,WHITE HANGING HEART T-LIGHT HOLDER,1.06
196,JUMBO STORAGE BAG SKULLS,JUMBO STORAGE BAG SUKI,1.06
196,CHARLOTTE BAG PINK POLKADOT,WOODLAND CHARLOTTE BAG,1.06
196,LUNCH BAG PINK POLKADOT,LUNCH BAG VINTAGE LEAF DESIGN,1.06
196,REGENCY SUGAR BOWL GREEN,REGENCY TEAPOT ROSES ,1.06
195,SET OF 3 CAKE TINS PANTRY DESIGN ,SET OF 4 PANTRY JELLY MOULDS,1.05
195,JUMBO BAG PINK VINTAGE PAISLEY,JUMBO STORAGE BAG SUKI,1.05
194,JUMBO BAG APPLES,JUMBO STORAGE BAG SUKI,1.05
194,REGENCY CAKESTAND 3 TIER,REGENCY TEAPOT ROSES ,1.05
194,72 SWEETHEART FAIRY CAKE CASES,PACK OF 60 DINOSAUR CAKE CASES,1.05
194,PLASTERS IN TIN VINTAGE PAISLEY ,PLASTERS IN TIN WOODLAND ANIMALS,1.05
193,SET OF 12 MINI LOAF BAKING CASES,SET OF 6 SNACK LOAF BAKING CASES,1.04
193,ASSORTED COLOUR BIRD ORNAMENT,PARTY BUNTING,1.04
193,JUMBO SHOPPER VINTAGE RED PAISLEY,LUNCH BAG RED RETROSPOT,1.04
193,LUNCH BAG APPLE DESIGN,LUNCH BAG DOILEY PATTERN ,1.04
192,PLASTERS IN TIN SPACEBOY,PLASTERS IN TIN STRONGMAN,1.04
192,HEART OF WICKER LARGE,LARGE WHITE HEART OF WICKER,1.04
192,REGENCY MILK JUG PINK ,REGENCY TEAPOT ROSES ,1.04
192,SET/20 RED RETROSPOT PAPER NAPKINS ,SET/6 RED SPOTTY PAPER CUPS,1.04
191,CHARLOTTE BAG SUKI DESIGN,LUNCH BAG RED RETROSPOT,1.03
190,SET OF 12 MINI LOAF BAKING CASES,SET OF 6 TEA TIME BAKING CASES,1.03
190,HAND WARMER SCOTTY DOG DESIGN,HAND WARMER UNION JACK,1.03
190,REGENCY TEAPOT ROSES ,ROSES REGENCY TEACUP AND SAUCER ,1.03
190,LUNCH BAG SPACEBOY DESIGN ,LUNCH BAG VINTAGE DOILY ,1.03
190,PACK OF 60 DINOSAUR CAKE CASES,PACK OF 60 SPACEBOY CAKE CASES,1.03
190,LUNCH BAG VINTAGE LEAF DESIGN,LUNCH BAG WOODLAND,1.03
190,JUMBO BAG PINK POLKADOT,JUMBO BAG SCANDINAVIAN BLUE PAISLEY,1.03
190,REGENCY TEA PLATE ROSES ,ROSES REGENCY TEACUP AND SAUCER ,1.03
190,JUMBO BAG ALPHABET,JUMBO STORAGE BAG SUKI,1.03
189,60 CAKE CASES DOLLY GIRL DESIGN,PACK OF 72 RETROSPOT CAKE CASES,1.02
189,LUNCH BAG SUKI DESIGN ,LUNCH BAG VINTAGE DOILY ,1.02
189,PACK OF 60 DINOSAUR CAKE CASES,PACK OF 72 SKULL CAKE CASES,1.02
189,CHARLOTTE BAG DOLLY GIRL DESIGN,RED RETROSPOT CHARLOTTE BAG,1.02
188,JAM MAKING SET WITH JARS,RECIPE BOX PANTRY YELLOW DESIGN,1.01
188,BLUE DINER WALL CLOCK,RED DINER WALL CLOCK,1.01
187,60 CAKE CASES VINTAGE CHRISTMAS,SET OF 20 VINTAGE CHRISTMAS NAPKINS,1.01
187,HOT WATER BOTTLE I AM SO POORLY,HOT WATER BOTTLE KEEP CALM,1.01
187,HAND WARMER OWL DESIGN,HAND WARMER RED RETROSPOT,1.01
187,LUNCH BAG SPACEBOY DESIGN ,WHITE HANGING HEART T-LIGHT HOLDER,1.01
187,HOT WATER BOTTLE I AM SO POORLY,HOT WATER BOTTLE TEA AND SYMPATHY,1.01
186,WOOD 2 DRAWER CABINET WHITE FINISH,WOODEN FRAME ANTIQUE WHITE ,1
186,IVORY KITCHEN SCALES,MINT KITCHEN SCALES,1
186,JAM MAKING SET WITH JARS,SET OF 4 PANTRY JELLY MOULDS,1
186,LUNCH BAG CARS BLUE,WHITE HANGING HEART T-LIGHT HOLDER,1
185,SET OF 3 CAKE TINS PANTRY DESIGN ,SET OF 3 REGENCY CAKE TINS,1
185,JUMBO STORAGE BAG SKULLS,LUNCH BAG  BLACK SKULL.,1
185,LUNCH BAG APPLE DESIGN,LUNCH BAG VINTAGE DOILY ,1
185,CHARLOTTE BAG APPLES DESIGN,LUNCH BAG APPLE DESIGN,1
185,LUNCH BAG  BLACK SKULL.,WHITE HANGING HEART T-LIGHT HOLDER,1
184,JUMBO STORAGE BAG SUKI,LUNCH BAG  BLACK SKULL.,0.99
184,JUMBO BAG RED RETROSPOT,PARTY BUNTING,0.99
183,JUMBO BAG VINTAGE LEAF,LUNCH BAG RED RETROSPOT,0.99
183,SET OF 3 WOODEN HEART DECORATIONS,SET OF 3 WOODEN STOCKING DECORATION,0.99
183,JUMBO BAG 50'S CHRISTMAS ,PAPER CHAIN KIT 50'S CHRISTMAS ,0.99
183,JUMBO BAG RED RETROSPOT,LUNCH BAG WOODLAND,0.99
182,SET/10 BLUE POLKADOT PARTY CANDLES,SET/10 PINK POLKADOT PARTY CANDLES,0.98
182,RED STRIPE CERAMIC DRAWER KNOB,WHITE SPOT RED CERAMIC DRAWER KNOB,0.98
182,LADIES & GENTLEMEN METAL SIGN,PLEASE ONE PERSON METAL SIGN,0.98
182,72 SWEETHEART FAIRY CAKE CASES,PACK OF 60 PINK PAISLEY CAKE CASES,0.98
182,SET OF 3 WOODEN STOCKING DECORATION,SET OF 3 WOODEN TREE DECORATIONS,0.98
182,PLASTERS IN TIN SPACEBOY,PLASTERS IN TIN VINTAGE PAISLEY ,0.98
182,JUMBO BAG RED RETROSPOT,PACK OF 72 RETROSPOT CAKE CASES,0.98
181,CHOCOLATE HOT WATER BOTTLE,RETROSPOT HEART HOT WATER BOTTLE,0.98
181,JUMBO BAG PINK POLKADOT,LUNCH BAG CARS BLUE,0.98
181,BLUE SPOT CERAMIC DRAWER KNOB,BLUE STRIPE CERAMIC DRAWER KNOB,0.98
181,HAND WARMER RED LOVE HEART,HAND WARMER SCOTTY DOG DESIGN,0.98
180,HAND WARMER RED RETROSPOT,HAND WARMER SCOTTY DOG DESIGN,0.97
180,HAND WARMER RED LOVE HEART,HAND WARMER UNION JACK,0.97
180,CHILDRENS APRON SPACEBOY DESIGN,PINK FAIRY CAKE CHILDRENS APRON,0.97
180,RED SPOT CERAMIC DRAWER KNOB,RED STRIPE CERAMIC DRAWER KNOB,0.97
180,ALARM CLOCK BAKELIKE ORANGE,ALARM CLOCK BAKELIKE PINK,0.97
179,JUMBO BAG WOODLAND ANIMALS,JUMBO STORAGE BAG SUKI,0.97
179,HOT WATER BOTTLE KEEP CALM,SCOTTIE DOG HOT WATER BOTTLE,0.97
179,LUNCH BAG SUKI DESIGN ,WHITE HANGING HEART T-LIGHT HOLDER,0.97
179,LUNCH BAG PINK POLKADOT,LUNCH BAG VINTAGE DOILY ,0.97
179,LUNCH BAG SPACEBOY DESIGN ,RED RETROSPOT CHARLOTTE BAG,0.97
178,JUMBO BAG APPLES,LUNCH BAG VINTAGE LEAF DESIGN,0.96
178,SET/5 RED RETROSPOT LID GLASS BOWLS,WHITE HANGING HEART T-LIGHT HOLDER,0.96
178,LUNCH BAG PINK POLKADOT,RED RETROSPOT CHARLOTTE BAG,0.96
178,CHARLOTTE BAG DOLLY GIRL DESIGN,CHARLOTTE BAG SUKI DESIGN,0.96
177,LOVE BUILDING BLOCK WORD,WHITE HANGING HEART T-LIGHT HOLDER,0.95
177,60 TEATIME FAIRY CAKE CASES,PACK OF 72 SKULL CAKE CASES,0.95
176,CHARLOTTE BAG APPLES DESIGN,CHARLOTTE BAG SUKI DESIGN,0.95
176,JAM MAKING SET WITH JARS,REGENCY CAKESTAND 3 TIER,0.95
176,LUNCH BOX I LOVE LONDON,SPACEBOY LUNCH BOX ,0.95
176,LUNCH BAG RED RETROSPOT,RED RETROSPOT PICNIC BAG,0.95
176,JUMBO BAG STRAWBERRY,JUMBO SHOPPER VINTAGE RED PAISLEY,0.95
176,HERB MARKER ROSEMARY,HERB MARKER THYME,0.95
175,JUMBO BAG APPLES,JUMBO BAG VINTAGE DOILY ,0.94
175,JUMBO STORAGE BAG SUKI,LUNCH BAG PINK POLKADOT,0.94
175,ALARM CLOCK BAKELIKE CHOCOLATE,ALARM CLOCK BAKELIKE PINK,0.94
175,FELTCRAFT PRINCESS LOLA DOLL,FELTCRAFT PRINCESS OLIVIA DOLL,0.94
175,SET OF 3 WOODEN HEART DECORATIONS,SET OF 3 WOODEN TREE DECORATIONS,0.94
175,BLUE DINER WALL CLOCK,IVORY DINER WALL CLOCK,0.94
175,FELTCRAFT CUSHION BUTTERFLY,FELTCRAFT CUSHION OWL,0.94
175,PLASTERS IN TIN SKULLS,PLASTERS IN TIN WOODLAND ANIMALS,0.94
175,LUNCH BAG ALPHABET DESIGN,LUNCH BAG DOLLY GIRL DESIGN,0.94
174,CHARLOTTE BAG SUKI DESIGN,JUMBO BAG RED RETROSPOT,0.94
174,HERB MARKER PARSLEY,HERB MARKER ROSEMARY,0.94
174,WHITE HANGING HEART T-LIGHT HOLDER,ZINC METAL HEART DECORATION,0.94
174,SMALL WHITE HEART OF WICKER,WHITE HANGING HEART T-LIGHT HOLDER,0.94
174,JUMBO BAG ALPHABET,LUNCH BAG APPLE DESIGN,0.94
174,JUMBO STORAGE BAG SUKI,LUNCH BAG CARS BLUE,0.94
174,JUMBO BAG DOILEY PATTERNS,JUMBO BAG RED RETROSPOT,0.94
174,LUNCH BAG CARS BLUE,RED RETROSPOT CHARLOTTE BAG,0.94
173,HERB MARKER MINT,HERB MARKER ROSEMARY,0.93
173,HANGING HEART ZINC T-LIGHT HOLDER,SINGLE HEART ZINC T-LIGHT HOLDER,0.93
173,PACK OF 72 RETROSPOT CAKE CASES,REGENCY CAKESTAND 3 TIER,0.93
173,60 CAKE CASES VINTAGE CHRISTMAS,PAPER CHAIN KIT VINTAGE CHRISTMAS,0.93
173,JUMBO BAG VINTAGE LEAF,LUNCH BAG APPLE DESIGN,0.93
173,JUMBO  BAG BAROQUE BLACK WHITE,JUMBO BAG PINK VINTAGE PAISLEY,0.93
173,RECIPE BOX PANTRY YELLOW DESIGN,SET OF 4 PANTRY JELLY MOULDS,0.93
172,LUNCH BAG DOILEY PATTERN ,LUNCH BAG RED RETROSPOT,0.93
172,HERB MARKER BASIL,HERB MARKER ROSEMARY,0.93
172,LUNCH BAG RED RETROSPOT,STRAWBERRY CHARLOTTE BAG,0.93
172,PAPER CHAIN KIT 50'S CHRISTMAS ,SET OF 20 VINTAGE CHRISTMAS NAPKINS,0.93
172,BATHROOM METAL SIGN,KITCHEN METAL SIGN,0.93
171,HERB MARKER MINT,HERB MARKER PARSLEY,0.92
171,CHARLOTTE BAG SUKI DESIGN,LUNCH BAG SUKI DESIGN ,0.92
171,HERB MARKER PARSLEY,HERB MARKER THYME,0.92
171,JAM MAKING SET PRINTED,REGENCY CAKESTAND 3 TIER,0.92
170,SPOTTY BUNTING,WHITE HANGING HEART T-LIGHT HOLDER,0.92
170,SET/10 PINK POLKADOT PARTY CANDLES,SET/10 RED POLKADOT PARTY CANDLES,0.92
170,JUMBO BAG APPLES,LUNCH BAG SUKI DESIGN ,0.92
170,VICTORIAN GLASS HANGING T-LIGHT,WHITE HANGING HEART T-LIGHT HOLDER,0.92
170,PACK OF 72 RETROSPOT CAKE CASES,SET OF 60 PANTRY DESIGN CAKE CASES ,0.92
170,LUNCH BAG SUKI DESIGN ,RED RETROSPOT CHARLOTTE BAG,0.92
170,WHITE HANGING HEART T-LIGHT HOLDER,WOOD 2 DRAWER CABINET WHITE FINISH,0.92
170,JUMBO BAG ALPHABET,JUMBO SHOPPER VINTAGE RED PAISLEY,0.92
170,SET OF 6 SNACK LOAF BAKING CASES,SET OF 6 TEA TIME BAKING CASES,0.92
170,HERB MARKER BASIL,HERB MARKER PARSLEY,0.92
169,SET OF 60 PANTRY DESIGN CAKE CASES ,SET OF 60 VINTAGE LEAF CAKE CASES ,0.91
169,HERB MARKER BASIL,HERB MARKER THYME,0.91
168,JUMBO BAG DOLLY GIRL DESIGN,JUMBO BAG RED RETROSPOT,0.91
168,JUMBO BAG APPLES,JUMBO SHOPPER VINTAGE RED PAISLEY,0.91
168,HERB MARKER BASIL,HERB MARKER MINT,0.91
168,BLUE SPOT CERAMIC DRAWER KNOB,RED STRIPE CERAMIC DRAWER KNOB,0.91
168,LUNCH BAG RED RETROSPOT,PARTY BUNTING,0.91
168,HERB MARKER MINT,HERB MARKER THYME,0.91
168,RED SPOT CERAMIC DRAWER KNOB,WHITE SPOT RED CERAMIC DRAWER KNOB,0.91
168,60 CAKE CASES DOLLY GIRL DESIGN,PACK OF 60 SPACEBOY CAKE CASES,0.91
168,PARTY BUNTING,SET OF 3 CAKE TINS PANTRY DESIGN ,0.91
167,WOOD 2 DRAWER CABINET WHITE FINISH,WOOD S/3 CABINET ANT WHITE FINISH,0.9
167,CHARLOTTE BAG APPLES DESIGN,WOODLAND CHARLOTTE BAG,0.9
167,PLASTERS IN TIN STRONGMAN,PLASTERS IN TIN VINTAGE PAISLEY ,0.9
167,PAPER CHAIN KIT VINTAGE CHRISTMAS,SET OF 20 VINTAGE CHRISTMAS NAPKINS,0.9
166,LUNCH BAG VINTAGE DOILY ,LUNCH BAG VINTAGE LEAF DESIGN,0.9
166,JUMBO BAG STRAWBERRY,LUNCH BAG RED RETROSPOT,0.9
166,JUMBO BAG PINK POLKADOT,RED RETROSPOT CHARLOTTE BAG,0.9
166,ROUND SNACK BOXES SET OF4 WOODLAND ,SPACEBOY LUNCH BOX ,0.9
166,60 TEATIME FAIRY CAKE CASES,PACK OF 60 SPACEBOY CAKE CASES,0.9
166,JUMBO BAG APPLES,LUNCH BAG  BLACK SKULL.,0.9
166,SET OF 3 WOODEN SLEIGH DECORATIONS,SET OF 3 WOODEN STOCKING DECORATION,0.9
166,CHOCOLATE THIS WAY METAL SIGN,HAND OVER THE CHOCOLATE   SIGN ,0.9
166,RECYCLING BAG RETROSPOT ,TOY TIDY PINK POLKADOT,0.9
166,JUMBO BAG APPLES,LUNCH BAG CARS BLUE,0.9
166,REX CASH+CARRY JUMBO SHOPPER,WHITE HANGING HEART T-LIGHT HOLDER,0.9
166,JUMBO BAG PINK POLKADOT,LUNCH BAG SUKI DESIGN ,0.9
166,PLASTERS IN TIN SKULLS,PLASTERS IN TIN SPACEBOY,0.9
166,BLUE SPOT CERAMIC DRAWER KNOB,RED SPOT CERAMIC DRAWER KNOB,0.9
166,JUMBO BAG ALPHABET,JUMBO BAG PEARS,0.9
166,CREAM HEART CARD HOLDER,WHITE HANGING HEART T-LIGHT HOLDER,0.9
165,CHARLOTTE BAG PINK POLKADOT,LUNCH BAG RED RETROSPOT,0.89
165,JUMBO BAG PEARS,LUNCH BAG APPLE DESIGN,0.89
165,"KEY FOB , BACK DOOR ","KEY FOB , SHED",0.89
165,LARGE WHITE HEART OF WICKER,WHITE HANGING HEART T-LIGHT HOLDER,0.89
165,JAM MAKING SET PRINTED,RECIPE BOX PANTRY YELLOW DESIGN,0.89
165,CHRISTMAS CRAFT TREE TOP ANGEL,CHRISTMAS CRAFT WHITE FAIRY ,0.89
165,WHITE HANGING HEART T-LIGHT HOLDER,WOOD BLACK BOARD ANT WHITE FINISH,0.89
165,PLEASE ONE PERSON METAL SIGN,WHITE HANGING HEART T-LIGHT HOLDER,0.89
165,BOX OF 6 MINI 50'S CRACKERS,PAPER CHAIN KIT 50'S CHRISTMAS ,0.89
164,HEART OF WICKER SMALL,NATURAL SLATE HEART CHALKBOARD ,0.88
164,BLUE STRIPE CERAMIC DRAWER KNOB,RED SPOT CERAMIC DRAWER KNOB,0.88
164,PARTY BUNTING,TEA TIME PARTY BUNTING,0.88
164,CHARLOTTE BAG APPLES DESIGN,JUMBO BAG APPLES,0.88
164,BLUE STRIPE CERAMIC DRAWER KNOB,WHITE SPOT RED CERAMIC DRAWER KNOB,0.88
164,60 CAKE CASES VINTAGE CHRISTMAS,PAPER CHAIN KIT 50'S CHRISTMAS ,0.88
163,FELTCRAFT PRINCESS CHARLOTTE DOLL,FELTCRAFT PRINCESS OLIVIA DOLL,0.88
163,JUMBO BAG SPACEBOY DESIGN,LUNCH BAG SPACEBOY DESIGN ,0.88
163,JUMBO BAG 50'S CHRISTMAS ,JUMBO BAG RED RETROSPOT,0.88
163,HAND WARMER BIRD DESIGN,HAND WARMER UNION JACK,0.88
163,JUMBO BAG RED RETROSPOT,RECYCLING BAG RETROSPOT ,0.88
163,CHARLOTTE BAG SUKI DESIGN,JUMBO STORAGE BAG SUKI,0.88
163,BOX OF 6 MINI 50'S CRACKERS,BOX OF 6 MINI VINTAGE CRACKERS,0.88
162,JUMBO BAG OWLS,JUMBO STORAGE BAG SUKI,0.87
162,SKULL LUNCH BOX WITH CUTLERY ,STRAWBERRY LUNCH BOX WITH CUTLERY,0.87
162,JAM MAKING SET WITH JARS,SET OF 6 SPICE TINS PANTRY DESIGN,0.87
161,CHARLOTTE BAG PINK POLKADOT,JUMBO BAG RED RETROSPOT,0.87
161,TRAVEL CARD WALLET KEEP CALM,TRAVEL CARD WALLET VINTAGE TICKET,0.87
161,SET OF 3 WOODEN SLEIGH DECORATIONS,SET OF 3 WOODEN TREE DECORATIONS,0.87
161,EDWARDIAN PARASOL BLACK,EDWARDIAN PARASOL NATURAL,0.87
161,LUNCH BOX WITH CUTLERY RETROSPOT ,STRAWBERRY LUNCH BOX WITH CUTLERY,0.87
161,HOT WATER BOTTLE I AM SO POORLY,SCOTTIE DOG HOT WATER BOTTLE,0.87
161,JUMBO STORAGE BAG SUKI,LUNCH BAG SPACEBOY DESIGN ,0.87
161,CHARLOTTE BAG DOLLY GIRL DESIGN,WOODLAND CHARLOTTE BAG,0.87
160,JUMBO BAG PINK POLKADOT,JUMBO BAG VINTAGE DOILY ,0.86
160,CHARLOTTE BAG APPLES DESIGN,STRAWBERRY CHARLOTTE BAG,0.86
160,ASSORTED COLOUR BIRD ORNAMENT,VICTORIAN GLASS HANGING T-LIGHT,0.86
160,JUMBO BAG RED RETROSPOT,LUNCH BAG VINTAGE LEAF DESIGN,0.86
160,REGENCY TEA PLATE ROSES ,REGENCY TEAPOT ROSES ,0.86
159,JUMBO BAG VINTAGE LEAF,LUNCH BAG  BLACK SKULL.,0.86
159,JUMBO BAG RED RETROSPOT,REGENCY CAKESTAND 3 TIER,0.86
158,JUMBO BAG PINK VINTAGE PAISLEY,LUNCH BAG RED RETROSPOT,0.85
158,JUMBO BAG 50'S CHRISTMAS ,JUMBO BAG VINTAGE DOILY ,0.85
158,ASSORTED COLOUR BIRD ORNAMENT,SPOTTY BUNTING,0.85
158,LUNCH BAG WOODLAND,WOODLAND CHARLOTTE BAG,0.85
158,VINTAGE CREAM CAT FOOD CONTAINER,VINTAGE CREAM DOG FOOD CONTAINER,0.85
158,JUMBO BAG PINK VINTAGE PAISLEY,JUMBO BAG VINTAGE LEAF,0.85
158,JUMBO BAG RED RETROSPOT,SPOTTY BUNTING,0.85
157,DOLLY GIRL LUNCH BOX,LUNCH BOX I LOVE LONDON,0.85
157,JUMBO  BAG BAROQUE BLACK WHITE,JUMBO BAG APPLES,0.85
157,GIN + TONIC DIET METAL SIGN,NO SINGING METAL SIGN,0.85
157,RECIPE BOX PANTRY YELLOW DESIGN,REGENCY CAKESTAND 3 TIER,0.85
157,LUNCH BAG WOODLAND,ROUND SNACK BOXES SET OF4 WOODLAND ,0.85
157,CHILDRENS CUTLERY POLKADOT BLUE,CHILDRENS CUTLERY POLKADOT PINK,0.85
157,JUMBO BAG RED RETROSPOT,STRAWBERRY CHARLOTTE BAG,0.85
157,BLUE SPOT CERAMIC DRAWER KNOB,WHITE SPOT BLUE CERAMIC DRAWER KNOB,0.85
156,VINTAGE SNAP CARDS,WOODEN BOX OF DOMINOES,0.84
156,BLUE STRIPE CERAMIC DRAWER KNOB,WHITE SPOT BLUE CERAMIC DRAWER KNOB,0.84
156,JUMBO  BAG BAROQUE BLACK WHITE,LUNCH BAG RED RETROSPOT,0.84
156,HAND WARMER BIRD DESIGN,HAND WARMER RED LOVE HEART,0.84
156,POSTAGE,REGENCY CAKESTAND 3 TIER,0.84
156,JUMBO  BAG BAROQUE BLACK WHITE,JUMBO BAG VINTAGE LEAF,0.84
156,60 CAKE CASES DOLLY GIRL DESIGN,PACK OF 60 PINK PAISLEY CAKE CASES,0.84
156,CANDLEHOLDER PINK HANGING HEART,RED HANGING HEART T-LIGHT HOLDER,0.84
155,PLASTERS IN TIN SKULLS,PLASTERS IN TIN VINTAGE PAISLEY ,0.84
155,JUMBO BAG SCANDINAVIAN BLUE PAISLEY,JUMBO BAG STRAWBERRY,0.84
155,ALARM CLOCK BAKELIKE RED ,REGENCY CAKESTAND 3 TIER,0.84
155,JUMBO  BAG BAROQUE BLACK WHITE,JUMBO STORAGE BAG SKULLS,0.84
155,REGENCY CAKESTAND 3 TIER,REGENCY TEA PLATE ROSES ,0.84
155,LUNCH BAG APPLE DESIGN,RED RETROSPOT CHARLOTTE BAG,0.84
155,JUMBO BAG APPLES,LUNCH BAG PINK POLKADOT,0.84
155,PACK OF 60 PINK PAISLEY CAKE CASES,PACK OF 60 SPACEBOY CAKE CASES,0.84
155,HERB MARKER CHIVES ,HERB MARKER PARSLEY,0.84
155,JAM MAKING SET PRINTED,SET OF 4 PANTRY JELLY MOULDS,0.84
155,RECIPE BOX PANTRY YELLOW DESIGN,WHITE HANGING HEART T-LIGHT HOLDER,0.84
155,GREY HEART HOT WATER BOTTLE,SCOTTIE DOG HOT WATER BOTTLE,0.84
155,JAM JAR WITH GREEN LID,JAM JAR WITH PINK LID,0.84
155,CHILDREN'S APRON DOLLY GIRL ,CHILDRENS APRON SPACEBOY DESIGN,0.84
155,60 CAKE CASES DOLLY GIRL DESIGN,60 TEATIME FAIRY CAKE CASES,0.84
155,JUMBO SHOPPER VINTAGE RED PAISLEY,LUNCH BAG SUKI DESIGN ,0.84
155,PACK OF 60 SPACEBOY CAKE CASES,PACK OF 72 SKULL CAKE CASES,0.84
155,JUMBO STORAGE BAG SUKI,RED RETROSPOT CHARLOTTE BAG,0.84
154,PACK OF 72 RETROSPOT CAKE CASES,SET OF 4 PANTRY JELLY MOULDS,0.83
154,HAPPY STENCIL CRAFT,MONSTERS STENCIL CRAFT,0.83
154,JUMBO BAG APPLES,JUMBO BAG STRAWBERRY,0.83
154,HERB MARKER CHIVES ,HERB MARKER THYME,0.83
154,HERB MARKER CHIVES ,HERB MARKER ROSEMARY,0.83
154,HERB MARKER CHIVES ,HERB MARKER MINT,0.83
154,CHARLOTTE BAG PINK POLKADOT,LUNCH BAG PINK POLKADOT,0.83
154,CHARLOTTE BAG SUKI DESIGN,LUNCH BAG  BLACK SKULL.,0.83
154,JUMBO BAG STRAWBERRY,JUMBO BAG VINTAGE LEAF,0.83
154,JUMBO BAG ALPHABET,LUNCH BAG RED RETROSPOT,0.83
153,LUNCH BAG RED RETROSPOT,SPOTTY BUNTING,0.83
153,CHARLOTTE BAG VINTAGE ALPHABET ,RED RETROSPOT CHARLOTTE BAG,0.83
153,LUNCH BAG RED RETROSPOT,SPACEBOY LUNCH BOX ,0.83
153,LUNCH BAG  BLACK SKULL.,STRAWBERRY CHARLOTTE BAG,0.83
152,WOOD BLACK BOARD ANT WHITE FINISH,WOODEN PICTURE FRAME WHITE FINISH,0.82
152,LUNCH BAG VINTAGE DOILY ,LUNCH BAG WOODLAND,0.82
152,CHOCOLATE THIS WAY METAL SIGN,GIN + TONIC DIET METAL SIGN,0.82
152,JUMBO BAG OWLS,JUMBO BAG PINK POLKADOT,0.82
152,GINGERBREAD MAN COOKIE CUTTER,SET OF 3 HEART COOKIE CUTTERS,0.82
152,LUNCH BAG DOILEY PATTERN ,LUNCH BAG VINTAGE LEAF DESIGN,0.82
151,PACK OF 60 PINK PAISLEY CAKE CASES,PACK OF 72 SKULL CAKE CASES,0.81
151,KITCHEN METAL SIGN,TOILET METAL SIGN,0.81
151,GIN + TONIC DIET METAL SIGN,WHITE HANGING HEART T-LIGHT HOLDER,0.81
151,JUMBO BAG PINK POLKADOT,LUNCH BAG SPACEBOY DESIGN ,0.81
151,REGENCY CAKESTAND 3 TIER,REGENCY SUGAR BOWL GREEN,0.81
151,JAM MAKING SET PRINTED,PACK OF 72 RETROSPOT CAKE CASES,0.81
151,JUMBO BAG VINTAGE DOILY ,LUNCH BAG RED RETROSPOT,0.81
151,ALARM CLOCK BAKELIKE CHOCOLATE,ALARM CLOCK BAKELIKE IVORY,0.81
151,LAUNDRY 15C METAL SIGN,WASHROOM METAL SIGN,0.81
151,POSTAGE,ROUND SNACK BOXES SET OF 4 FRUITS ,0.81
151,JUMBO BAG SPACEBOY DESIGN,LUNCH BAG RED RETROSPOT,0.81
151,SET OF 3 WOODEN HEART DECORATIONS,SET OF 3 WOODEN SLEIGH DECORATIONS,0.81
151,JUMBO BAG SCANDINAVIAN BLUE PAISLEY,JUMBO STORAGE BAG SUKI,0.81
151,REGENCY TEA PLATE GREEN ,ROSES REGENCY TEACUP AND SAUCER ,0.81
151,GREEN REGENCY TEACUP AND SAUCER,REGENCY TEA PLATE GREEN ,0.81
151,POPPY'S PLAYHOUSE BATHROOM,POPPY'S PLAYHOUSE KITCHEN,0.81
150,LUNCH BAG RED RETROSPOT,WOODLAND CHARLOTTE BAG,0.81
150,JUMBO BAG VINTAGE DOILY ,JUMBO SHOPPER VINTAGE RED PAISLEY,0.81
150,LUNCH BAG RED RETROSPOT,SET/5 RED RETROSPOT LID GLASS BOWLS,0.81
150,DOLLY GIRL LUNCH BOX,LUNCH BAG SPACEBOY DESIGN ,0.81
150,WATERING CAN BLUE ELEPHANT,WATERING CAN PINK BUNNY,0.81
150,HEART OF WICKER LARGE,RED HANGING HEART T-LIGHT HOLDER,0.81
150,HAND OVER THE CHOCOLATE   SIGN ,WHITE HANGING HEART T-LIGHT HOLDER,0.81
150,IVORY KITCHEN SCALES,SET OF 3 CAKE TINS PANTRY DESIGN ,0.81
150,CHARLOTTE BAG APPLES DESIGN,CHARLOTTE BAG VINTAGE ALPHABET ,0.81
150,RED RETROSPOT CAKE STAND,REGENCY CAKESTAND 3 TIER,0.81
150,RECIPE BOX PANTRY YELLOW DESIGN,SET OF 6 SPICE TINS PANTRY DESIGN,0.81
149,6 RIBBONS RUSTIC CHARM,SCANDINAVIAN REDS RIBBONS,0.8
149,JUMBO BAG VINTAGE LEAF,LUNCH BAG PINK POLKADOT,0.8
149,LUNCH BAG CARS BLUE,LUNCH BAG VINTAGE DOILY ,0.8
149,WHITE SPOT BLUE CERAMIC DRAWER KNOB,WHITE SPOT RED CERAMIC DRAWER KNOB,0.8
149,CHILDRENS APRON SPACEBOY DESIGN,RETROSPOT CHILDRENS APRON,0.8
149,JUMBO BAG ALPHABET,JUMBO BAG VINTAGE DOILY ,0.8
149,LUNCH BAG WOODLAND,RED RETROSPOT CHARLOTTE BAG,0.8
149,RED STRIPE CERAMIC DRAWER KNOB,WHITE SPOT BLUE CERAMIC DRAWER KNOB,0.8
149,CIRCUS PARADE LUNCH BOX ,SPACEBOY LUNCH BOX ,0.8
149,LUNCH BAG CARS BLUE,STRAWBERRY CHARLOTTE BAG,0.8
149,HAND WARMER RED RETROSPOT,HAND WARMER UNION JACK,0.8
148,JUMBO BAG RED RETROSPOT,SET OF 3 CAKE TINS PANTRY DESIGN ,0.8
148,BLUE SPOT CERAMIC DRAWER KNOB,WHITE SPOT RED CERAMIC DRAWER KNOB,0.8
148,PACK OF 72 RETROSPOT CAKE CASES,SET OF 3 CAKE TINS PANTRY DESIGN ,0.8
148,JUMBO BAG ALPHABET,JUMBO BAG STRAWBERRY,0.8
148,JUMBO STORAGE BAG SKULLS,LUNCH BAG RED RETROSPOT,0.8
148,CHARLOTTE BAG DOLLY GIRL DESIGN,STRAWBERRY CHARLOTTE BAG,0.8
148,FELTCRAFT 6 FLOWER FRIENDS,FELTCRAFT BUTTERFLY HEARTS,0.8
148,HAND WARMER BIRD DESIGN,HAND WARMER RED RETROSPOT,0.8
148,REGENCY SUGAR BOWL GREEN,REGENCY TEA PLATE ROSES ,0.8
148,PACK OF 72 RETROSPOT CAKE CASES,WHITE HANGING HEART T-LIGHT HOLDER,0.8
147,GREEN REGENCY TEACUP AND SAUCER,REGENCY TEAPOT ROSES ,0.79
147,BLACK/BLUE POLKADOT UMBRELLA,RED RETROSPOT UMBRELLA,0.79
147,ASSORTED COLOUR BIRD ORNAMENT,HOME BUILDING BLOCK WORD,0.79
147,COOK WITH WINE METAL SIGN ,HOT BATHS METAL SIGN,0.79
147,JUMBO BAG APPLES,LUNCH BAG SPACEBOY DESIGN ,0.79
147,PACK OF 60 MUSHROOM CAKE CASES,PACK OF 72 RETROSPOT CAKE CASES,0.79
147,REGENCY SUGAR BOWL GREEN,ROSES REGENCY TEACUP AND SAUCER ,0.79
147,HERB MARKER BASIL,HERB MARKER CHIVES ,0.79
147,PLASTERS IN TIN WOODLAND ANIMALS,POSTAGE,0.79
147,CHARLOTTE BAG APPLES DESIGN,CHARLOTTE BAG PINK POLKADOT,0.79
147,CHARLOTTE BAG DOLLY GIRL DESIGN,CHARLOTTE BAG PINK POLKADOT,0.79
147,HOT WATER BOTTLE TEA AND SYMPATHY,SCOTTIE DOG HOT WATER BOTTLE,0.79
146,JUMBO BAG RED RETROSPOT,LUNCH BAG VINTAGE DOILY ,0.79
146,JAM MAKING SET WITH JARS,PACK OF 72 RETROSPOT CAKE CASES,0.79
146,JUMBO BAG VINTAGE LEAF,LUNCH BAG SUKI DESIGN ,0.79
146,WOOD S/3 CABINET ANT WHITE FINISH,WOODEN PICTURE FRAME WHITE FINISH,0.79
146,GINGERBREAD MAN COOKIE CUTTER,SET OF 3 BUTTERFLY COOKIE CUTTERS,0.79
146,JUMBO BAG PEARS,JUMBO BAG PINK POLKADOT,0.79
146,JUMBO BAG PINK POLKADOT,LUNCH BAG APPLE DESIGN,0.79
146,JUMBO BAG STRAWBERRY,LUNCH BAG PINK POLKADOT,0.79
146,SET OF 4 PANTRY JELLY MOULDS,WHITE HANGING HEART T-LIGHT HOLDER,0.79
146,JUMBO BAG WOODLAND ANIMALS,LUNCH BAG WOODLAND,0.79
146,JUMBO BAG ALPHABET,LUNCH BAG SUKI DESIGN ,0.79
146,PLASTERS IN TIN CIRCUS PARADE ,POSTAGE,0.79
145,LUNCH BAG APPLE DESIGN,SPOTTY BUNTING,0.78
145,JUMBO BAG SPACEBOY DESIGN,JUMBO BAG STRAWBERRY,0.78
145,JUMBO BAG APPLES,JUMBO BAG DOILEY PATTERNS,0.78
145,PLASTERS IN TIN SPACEBOY,SPACEBOY LUNCH BOX ,0.78
145,JUMBO BAG STRAWBERRY,JUMBO STORAGE BAG SKULLS,0.78
145,JUMBO BAG SPACEBOY DESIGN,JUMBO BAG WOODLAND ANIMALS,0.78
145,JUMBO BAG ALPHABET,JUMBO BAG DOILEY PATTERNS,0.78
145,PACK OF 72 RETROSPOT CAKE CASES,SET OF 72 RETROSPOT PAPER  DOILIES,0.78
145,CHARLOTTE BAG PINK POLKADOT,JUMBO BAG PINK POLKADOT,0.78
145,COFFEE MUG APPLES DESIGN,COFFEE MUG PEARS  DESIGN,0.78
144,HAND WARMER SCOTTY DOG DESIGN,SCOTTIE DOG HOT WATER BOTTLE,0.78
144,POPPY'S PLAYHOUSE BATHROOM,POPPY'S PLAYHOUSE BEDROOM ,0.78
144,PHOTO FRAME CORNICE,WHITE HANGING HEART T-LIGHT HOLDER,0.78
144,PACK OF 20 NAPKINS PANTRY DESIGN,SET OF 3 CAKE TINS PANTRY DESIGN ,0.78
144,JUMBO SHOPPER VINTAGE RED PAISLEY,JUMBO STORAGE BAG SKULLS,0.78
144,JUMBO BAG WOODLAND ANIMALS,JUMBO SHOPPER VINTAGE RED PAISLEY,0.78
144,JUMBO BAG RED RETROSPOT,RED RETROSPOT SHOPPER BAG,0.78
144,JUMBO STORAGE BAG SKULLS,LUNCH BAG PINK POLKADOT,0.78
144,JUMBO BAG STRAWBERRY,LUNCH BAG  BLACK SKULL.,0.78
143,JUMBO BAG STRAWBERRY,JUMBO BAG WOODLAND ANIMALS,0.77
143,BLUE POLKADOT BOWL,RED RETROSPOT BOWL,0.77
143,JUMBO BAG RED RETROSPOT,WOODLAND CHARLOTTE BAG,0.77
143,JUMBO STORAGE BAG SUKI,WHITE HANGING HEART T-LIGHT HOLDER,0.77
143,DOLLY GIRL LUNCH BOX,LUNCH BAG DOLLY GIRL DESIGN,0.77
143,CHARLOTTE BAG SUKI DESIGN,CHARLOTTE BAG VINTAGE ALPHABET ,0.77
143,RETROSPOT TEA SET CERAMIC 11 PC ,WHITE HANGING HEART T-LIGHT HOLDER,0.77
143,LOVE HOT WATER BOTTLE,SCOTTIE DOG HOT WATER BOTTLE,0.77
143,JUMBO SHOPPER VINTAGE RED PAISLEY,LUNCH BAG CARS BLUE,0.77
143,CHRISTMAS CRAFT LITTLE FRIENDS,PAPER CHAIN KIT 50'S CHRISTMAS ,0.77
143,PINK FLORAL FELTCRAFT SHOULDER BAG,RED FLORAL FELTCRAFT SHOULDER BAG,0.77
143,JUMBO BAG ALPHABET,JUMBO BAG PINK VINTAGE PAISLEY,0.77
143,JUMBO BAG SPACEBOY DESIGN,JUMBO SHOPPER VINTAGE RED PAISLEY,0.77
142,PLASTERS IN TIN CIRCUS PARADE ,PLASTERS IN TIN VINTAGE PAISLEY ,0.77
142,PAPER BUNTING RETROSPOT,PARTY BUNTING,0.77
142,CLOTHES PEGS RETROSPOT PACK 24 ,WHITE HANGING HEART T-LIGHT HOLDER,0.77
142,GIN + TONIC DIET METAL SIGN,METAL SIGN TAKE IT OR LEAVE IT ,0.77
142,CHARLOTTE BAG SUKI DESIGN,LUNCH BAG CARS BLUE,0.77
142,HEART OF WICKER LARGE,NATURAL SLATE HEART CHALKBOARD ,0.77
142,JUMBO BAG ALPHABET,LUNCH BAG CARS BLUE,0.77
142,60 TEATIME FAIRY CAKE CASES,SET OF 60 PANTRY DESIGN CAKE CASES ,0.77
142,PACK OF 60 PINK PAISLEY CAKE CASES,SET OF 60 PANTRY DESIGN CAKE CASES ,0.77
141,JUMBO  BAG BAROQUE BLACK WHITE,LUNCH BAG  BLACK SKULL.,0.76
141,HAND OVER THE CHOCOLATE   SIGN ,HOT BATHS METAL SIGN,0.76
141,LUNCH BAG WOODLAND,SPACEBOY LUNCH BOX ,0.76
141,BEWARE OF THE CAT METAL SIGN ,GIN + TONIC DIET METAL SIGN,0.76
141,PACK OF 72 RETROSPOT CAKE CASES,SET/5 RED RETROSPOT LID GLASS BOWLS,0.76
141,LUNCH BAG SUKI DESIGN ,PARTY BUNTING,0.76
141,ASSORTED COLOUR BIRD ORNAMENT,NATURAL SLATE HEART CHALKBOARD ,0.76
141,60 CAKE CASES DOLLY GIRL DESIGN,PACK OF 60 DINOSAUR CAKE CASES,0.76
141,LUNCH BAG  BLACK SKULL.,WOODLAND CHARLOTTE BAG,0.76
141,POPPY'S PLAYHOUSE BATHROOM,POPPY'S PLAYHOUSE LIVINGROOM ,0.76
140,JUMBO BAG RED RETROSPOT,LUNCH BAG DOLLY GIRL DESIGN,0.76
140,JUMBO BAG VINTAGE DOILY ,JUMBO STORAGE BAG SUKI,0.76
140,JUMBO BAG RED RETROSPOT,SET/5 RED RETROSPOT LID GLASS BOWLS,0.76
140,HAND WARMER OWL DESIGN,HOT WATER BOTTLE KEEP CALM,0.76
140,REGENCY CAKESTAND 3 TIER,SET OF 4 PANTRY JELLY MOULDS,0.76
140,SET/10 BLUE POLKADOT PARTY CANDLES,SET/10 RED POLKADOT PARTY CANDLES,0.76
140,HEART OF WICKER SMALL,RED HANGING HEART T-LIGHT HOLDER,0.76
140,REGENCY CAKESTAND 3 TIER,REGENCY MILK JUG PINK ,0.76
140,JUMBO BAG PEARS,JUMBO BAG VINTAGE DOILY ,0.76
140,JUMBO STORAGE BAG SUKI,LUNCH BAG APPLE DESIGN,0.76
140,BATH BUILDING BLOCK WORD,HOME BUILDING BLOCK WORD,0.76
139,BEWARE OF THE CAT METAL SIGN ,HAND OVER THE CHOCOLATE   SIGN ,0.75
139,LUNCH BAG SPACEBOY DESIGN ,PLASTERS IN TIN SPACEBOY,0.75
139,GREEN REGENCY TEACUP AND SAUCER,REGENCY TEA PLATE ROSES ,0.75
139,LUNCH BAG DOILEY PATTERN ,LUNCH BAG SUKI DESIGN ,0.75
139,LONDON BUS COFFEE MUG,QUEENS GUARD COFFEE MUG,0.75
139,LUNCH BAG RED RETROSPOT,SET/20 RED RETROSPOT PAPER NAPKINS ,0.75
139,JUMBO BAG DOLLY GIRL DESIGN,JUMBO STORAGE BAG SUKI,0.75
139,3 STRIPEY MICE FELTCRAFT,FELTCRAFT BUTTERFLY HEARTS,0.75
139,LUNCH BAG DOLLY GIRL DESIGN,SPACEBOY LUNCH BOX ,0.75
139,LUNCH BAG PINK POLKADOT,STRAWBERRY CHARLOTTE BAG,0.75
139,RED RETROSPOT SMALL MILK JUG,RETROSPOT LARGE MILK JUG,0.75
139,PLEASE ONE PERSON METAL SIGN,YOU'RE CONFUSING ME METAL SIGN ,0.75
139,JUMBO BAG RED RETROSPOT,LUNCH BAG ALPHABET DESIGN,0.75
139,COOK WITH WINE METAL SIGN ,LADIES & GENTLEMEN METAL SIGN,0.75
138,JUMBO  BAG BAROQUE BLACK WHITE,JUMBO BAG ALPHABET,0.74
138,CHARLOTTE BAG SUKI DESIGN,LUNCH BAG PINK POLKADOT,0.74
138,JUMBO SHOPPER VINTAGE RED PAISLEY,LUNCH BAG  BLACK SKULL.,0.74
138,PARTY BUNTING,WOODEN PICTURE FRAME WHITE FINISH,0.74
138,DOORMAT HEARTS,DOORMAT RED RETROSPOT,0.74
138,GARDENERS KNEELING PAD KEEP CALM ,WHITE HANGING HEART T-LIGHT HOLDER,0.74
138,PHOTO FRAME CORNICE,WOODEN PICTURE FRAME WHITE FINISH,0.74
138,72 SWEETHEART FAIRY CAKE CASES,PACK OF 60 SPACEBOY CAKE CASES,0.74
138,EDWARDIAN PARASOL BLACK,EDWARDIAN PARASOL RED,0.74
138,REGENCY MILK JUG PINK ,ROSES REGENCY TEACUP AND SAUCER ,0.74
138,CHARLOTTE BAG SUKI DESIGN,LUNCH BAG SPACEBOY DESIGN ,0.74
138,ALARM CLOCK BAKELIKE IVORY,ALARM CLOCK BAKELIKE ORANGE,0.74
137,HAND OVER THE CHOCOLATE   SIGN ,NO SINGING METAL SIGN,0.74
137,JUMBO BAG SPACEBOY DESIGN,JUMBO STORAGE BAG SKULLS,0.74
137,REGENCY CAKESTAND 3 TIER,SPACEBOY LUNCH BOX ,0.74
137,JUMBO BAG WOODLAND ANIMALS,LUNCH BAG RED RETROSPOT,0.74
137,JUMBO BAG DOLLY GIRL DESIGN,JUMBO BAG SPACEBOY DESIGN,0.74
137,SET OF 3 CAKE TINS PANTRY DESIGN ,SET/5 RED RETROSPOT LID GLASS BOWLS,0.74
137,CHARLOTTE BAG PINK POLKADOT,LUNCH BAG  BLACK SKULL.,0.74
137,JUMBO SHOPPER VINTAGE RED PAISLEY,WHITE HANGING HEART T-LIGHT HOLDER,0.74
137,LUNCH BAG SPACEBOY DESIGN ,STRAWBERRY CHARLOTTE BAG,0.74
137,JUMBO BAG APPLES,JUMBO BAG SPACEBOY DESIGN,0.74
137,HAND WARMER OWL DESIGN,PAPER CHAIN KIT 50'S CHRISTMAS ,0.74
136,JUMBO SHOPPER VINTAGE RED PAISLEY,LUNCH BAG PINK POLKADOT,0.73
136,JUMBO BAG APPLES,LUNCH BAG ALPHABET DESIGN,0.73
136,LUNCH BAG CARS BLUE,WOODLAND CHARLOTTE BAG,0.73
136,CHARLOTTE BAG SUKI DESIGN,LUNCH BAG APPLE DESIGN,0.73
136,FELTCRAFT DOLL MOLLY,FELTCRAFT DOLL ROSIE,0.73
136,BLUE POLKADOT BOWL,PINK POLKADOT BOWL,0.73
136,CHILDRENS CUTLERY POLKADOT PINK,CHILDRENS CUTLERY RETROSPOT RED ,0.73
136,JUMBO BAG VINTAGE LEAF,LUNCH BAG CARS BLUE,0.73
136,HAND WARMER RED LOVE HEART,HAND WARMER RED RETROSPOT,0.73
136,JUMBO BAG PINK POLKADOT,WHITE HANGING HEART T-LIGHT HOLDER,0.73
136,JUMBO BAG PINK POLKADOT,LUNCH BAG WOODLAND,0.73
136,DOORMAT RED RETROSPOT,DOORMAT UNION FLAG,0.73
136,JUMBO BAG PINK VINTAGE PAISLEY,JUMBO BAG WOODLAND ANIMALS,0.73
136,HEART OF WICKER LARGE,SMALL WHITE HEART OF WICKER,0.73
136,CHARLOTTE BAG PINK POLKADOT,LUNCH BAG CARS BLUE,0.73
135,REGENCY MILK JUG PINK ,REGENCY TEA PLATE ROSES ,0.73
135,GREY HEART HOT WATER BOTTLE,RETROSPOT HEART HOT WATER BOTTLE,0.73
135,COOK WITH WINE METAL SIGN ,WHITE HANGING HEART T-LIGHT HOLDER,0.73
135,LUNCH BAG APPLE DESIGN,PARTY BUNTING,0.73
135,JUMBO BAG SPACEBOY DESIGN,JUMBO BAG VINTAGE LEAF,0.73
134,JUMBO BAG PAISLEY PARK,LUNCH BAG PAISLEY PARK  ,0.72
134,GIN + TONIC DIET METAL SIGN,I'M ON HOLIDAY METAL SIGN,0.72
134,BLUE POLKADOT CUP,PINK  POLKADOT CUP,0.72
134,SET OF 60 I LOVE LONDON CAKE CASES ,SET OF 60 PANTRY DESIGN CAKE CASES ,0.72
134,COOK WITH WINE METAL SIGN ,NO SINGING METAL SIGN,0.72
134,NATURAL SLATE HEART CHALKBOARD ,PARTY BUNTING,0.72
134,DOORMAT KEEP CALM AND COME IN,GARDENERS KNEELING PAD KEEP CALM ,0.72
134,JUMBO BAG SCANDINAVIAN BLUE PAISLEY,JUMBO BAG VINTAGE LEAF,0.72
134,72 SWEETHEART FAIRY CAKE CASES,PACK OF 72 SKULL CAKE CASES,0.72
134,LUNCH BAG ALPHABET DESIGN,LUNCH BAG DOILEY PATTERN ,0.72
134,JUMBO BAG SCANDINAVIAN BLUE PAISLEY,LUNCH BAG RED RETROSPOT,0.72
134,EDWARDIAN PARASOL NATURAL,EDWARDIAN PARASOL RED,0.72
133,CLOTHES PEGS RETROSPOT PACK 24 ,SET/5 RED RETROSPOT LID GLASS BOWLS,0.72
133,HAND OVER THE CHOCOLATE   SIGN ,LADIES & GENTLEMEN METAL SIGN,0.72
133,ROSES REGENCY TEACUP AND SAUCER ,SET OF 3 REGENCY CAKE TINS,0.72
133,NO SINGING METAL SIGN,PLEASE ONE PERSON METAL SIGN,0.72
133,REGENCY SUGAR BOWL GREEN,REGENCY TEA PLATE GREEN ,0.72
133,COOK WITH WINE METAL SIGN ,METAL SIGN TAKE IT OR LEAVE IT ,0.72
133,LUNCH BAG ALPHABET DESIGN,LUNCH BAG VINTAGE DOILY ,0.72
133,JUMBO BAG ALPHABET,LUNCH BAG  BLACK SKULL.,0.72
133,LUNCH BAG  BLACK SKULL.,LUNCH BAG DOILEY PATTERN ,0.72
133,BOX OF 6 MINI VINTAGE CRACKERS,PAPER CHAIN KIT VINTAGE CHRISTMAS,0.72
133,CIRCUS PARADE LUNCH BOX ,DOLLY GIRL LUNCH BOX,0.72
133,CLOTHES PEGS RETROSPOT PACK 24 ,PACK OF 72 RETROSPOT CAKE CASES,0.72
133,REGENCY TEA PLATE PINK,ROSES REGENCY TEACUP AND SAUCER ,0.72
133,6 RIBBONS RUSTIC CHARM,WHITE HANGING HEART T-LIGHT HOLDER,0.72
133,DOORMAT NEW ENGLAND,DOORMAT SPOTTY HOME SWEET HOME,0.72
133,AREA PATROLLED METAL SIGN,HAND OVER THE CHOCOLATE   SIGN ,0.72
132,CHARLOTTE BAG SUKI DESIGN,LUNCH BAG WOODLAND,0.71
132,DOLLY GIRL LUNCH BOX,ROUND SNACK BOXES SET OF4 WOODLAND ,0.71
132,DOLLY GIRL LUNCH BOX,LUNCH BAG RED RETROSPOT,0.71
132,CHOCOLATE THIS WAY METAL SIGN,COOK WITH WINE METAL SIGN ,0.71
132,RED RETROSPOT CUP,RED RETROSPOT PLATE ,0.71
132,TREASURE TIN BUFFALO BILL ,TREASURE TIN GYMKHANA DESIGN,0.71
132,LUNCH BAG DOLLY GIRL DESIGN,LUNCH BAG VINTAGE LEAF DESIGN,0.71
132,LUNCH BAG RED RETROSPOT,REGENCY CAKESTAND 3 TIER,0.71
132,DOORMAT NEW ENGLAND,DOORMAT RED RETROSPOT,0.71
132,LUNCH BAG RED RETROSPOT,SET OF 3 CAKE TINS PANTRY DESIGN ,0.71
132,POSTAGE,RED TOADSTOOL LED NIGHT LIGHT,0.71
132,JUMBO BAG APPLES,JUMBO BAG WOODLAND ANIMALS,0.71
132,BEWARE OF THE CAT METAL SIGN ,COOK WITH WINE METAL SIGN ,0.71
131,GARDENERS KNEELING PAD KEEP CALM ,HOT WATER BOTTLE KEEP CALM,0.71
131,LUNCH BAG WOODLAND,WHITE HANGING HEART T-LIGHT HOLDER,0.71
131,HANGING HEART JAR T-LIGHT HOLDER,WHITE HANGING HEART T-LIGHT HOLDER,0.71
131,JUMBO BAG WOODLAND ANIMALS,JUMBO STORAGE BAG SKULLS,0.71
131,PARTY BUNTING,PINK HAPPY BIRTHDAY BUNTING,0.71
131,JUMBO BAG APPLES,LUNCH BAG WOODLAND,0.71
131,JUMBO BAG ALPHABET,JUMBO BAG SPACEBOY DESIGN,0.71
131,WOOD BLACK BOARD ANT WHITE FINISH,WOODEN FRAME ANTIQUE WHITE ,0.71
131,HOT WATER BOTTLE KEEP CALM,PAPER CHAIN KIT 50'S CHRISTMAS ,0.71
131,JUMBO BAG DOLLY GIRL DESIGN,JUMBO BAG PINK POLKADOT,0.71
131,COOK WITH WINE METAL SIGN ,YOU'RE CONFUSING ME METAL SIGN ,0.71
131,PACK OF 60 PINK PAISLEY CAKE CASES,REGENCY CAKESTAND 3 TIER,0.71
131,BLUE POLKADOT WRAP,PINK POLKADOT WRAP ,0.71
131,PINK REGENCY TEACUP AND SAUCER,REGENCY TEAPOT ROSES ,0.71
130,JUMBO BAG DOILEY PATTERNS,JUMBO BAG PEARS,0.7
130,PARTY BUNTING,SET OF 4 PANTRY JELLY MOULDS,0.7
130,REGENCY CAKESTAND 3 TIER,REGENCY TEA PLATE GREEN ,0.7
130,LUNCH BAG  BLACK SKULL.,PACK OF 72 RETROSPOT CAKE CASES,0.7
130,JUMBO STORAGE BAG SUKI,LUNCH BAG WOODLAND,0.7
130,JUMBO BAG OWLS,JUMBO BAG WOODLAND ANIMALS,0.7
130,JUMBO BAG VINTAGE LEAF,LUNCH BAG ALPHABET DESIGN,0.7
130,WATERING CAN BLUE ELEPHANT,WATERING CAN GREEN DINOSAUR,0.7
130,ASSORTED COLOUR BIRD ORNAMENT,LUNCH BAG RED RETROSPOT,0.7
130,RED SPOT CERAMIC DRAWER KNOB,WHITE SPOT BLUE CERAMIC DRAWER KNOB,0.7
130,SMALL CHOCOLATES PINK BOWL,SMALL DOLLY MIX DESIGN ORANGE BOWL,0.7
130,LUNCH BAG WOODLAND,STRAWBERRY CHARLOTTE BAG,0.7
130,GIN + TONIC DIET METAL SIGN,YOU'RE CONFUSING ME METAL SIGN ,0.7
129,60 TEATIME FAIRY CAKE CASES,WHITE HANGING HEART T-LIGHT HOLDER,0.7
129,RED RETROSPOT SHOPPER BAG,STRAWBERRY SHOPPER BAG,0.7
129,CHARLOTTE BAG APPLES DESIGN,LUNCH BAG RED RETROSPOT,0.7
129,CHOCOLATE HOT WATER BOTTLE,GREY HEART HOT WATER BOTTLE,0.7
129,JUMBO BAG PINK VINTAGE PAISLEY,JUMBO STORAGE BAG SKULLS,0.7
129,JUMBO BAG VINTAGE LEAF,LUNCH BAG DOILEY PATTERN ,0.7
129,ASSORTED COLOUR BIRD ORNAMENT,SET OF 3 CAKE TINS PANTRY DESIGN ,0.7
129,PACK OF 60 MUSHROOM CAKE CASES,PACK OF 60 PINK PAISLEY CAKE CASES,0.7
129,BLUE POLKADOT CUP,RED RETROSPOT CUP,0.7
129,JUMBO BAG PAISLEY PARK,VINTAGE DOILY JUMBO BAG RED ,0.7
129,BAKING SET 9 PIECE RETROSPOT ,REGENCY CAKESTAND 3 TIER,0.7
129,6 RIBBONS RUSTIC CHARM,CHOCOLATE BOX RIBBONS ,0.7
129,LUNCH BAG RED RETROSPOT,RED RETROSPOT SHOPPER BAG,0.7
129,6 RIBBONS RUSTIC CHARM,REGENCY CAKESTAND 3 TIER,0.7
128,FELTCRAFT GIRL AMELIE KIT,FELTCRAFT GIRL NICOLE KIT,0.69
128,ROUND SNACK BOXES SET OF 4 FRUITS ,SPACEBOY LUNCH BOX ,0.69
128,HEART OF WICKER LARGE,WICKER STAR ,0.69
128,JUMBO  BAG BAROQUE BLACK WHITE,JUMBO BAG SCANDINAVIAN BLUE PAISLEY,0.69
128,SET 12 COLOUR PENCILS DOLLY GIRL ,SET 12 COLOUR PENCILS SPACEBOY ,0.69
128,3 STRIPEY MICE FELTCRAFT,FELTCRAFT 6 FLOWER FRIENDS,0.69
128,CHARLOTTE BAG PINK POLKADOT,LUNCH BAG SPACEBOY DESIGN ,0.69
128,LUNCH BAG  BLACK SKULL.,PACK OF 72 SKULL CAKE CASES,0.69
128,LUNCH BAG DOILEY PATTERN ,LUNCH BAG PINK POLKADOT,0.69
128,HAND OVER THE CHOCOLATE   SIGN ,POTTERING IN THE SHED METAL SIGN,0.69
128,SET OF 3 REGENCY CAKE TINS,SET OF TEA COFFEE SUGAR TINS PANTRY,0.69
128,LUNCH BAG SUKI DESIGN ,STRAWBERRY CHARLOTTE BAG,0.69
128,ASSORTED COLOUR BIRD ORNAMENT,WOODEN PICTURE FRAME WHITE FINISH,0.69
128,JUMBO  BAG BAROQUE BLACK WHITE,JUMBO BAG SPACEBOY DESIGN,0.69
128,RABBIT NIGHT LIGHT,RED TOADSTOOL LED NIGHT LIGHT,0.69
127,JUMBO BAG ALPHABET,LUNCH BAG VINTAGE LEAF DESIGN,0.69
127,LUNCH BAG SUKI DESIGN ,SPOTTY BUNTING,0.69
127,NATURAL SLATE CHALKBOARD LARGE ,NATURAL SLATE HEART CHALKBOARD ,0.69
127,PACK OF 72 RETROSPOT CAKE CASES,RED RETROSPOT CHARLOTTE BAG,0.69
127,JUMBO BAG ALPHABET,LUNCH BAG PINK POLKADOT,0.69
127,JUMBO BAG RED RETROSPOT,JUMBO BAG TOYS ,0.69
127,HAND OVER THE CHOCOLATE   SIGN ,I'M ON HOLIDAY METAL SIGN,0.69
127,IVORY WICKER HEART LARGE,LARGE WHITE HEART OF WICKER,0.69
127,IVORY KITCHEN SCALES,REGENCY CAKESTAND 3 TIER,0.69
127,JUMBO BAG VINTAGE DOILY ,LUNCH BAG  BLACK SKULL.,0.69
127,JUMBO BAG RED RETROSPOT,SET OF 4 PANTRY JELLY MOULDS,0.69
127,LUNCH BAG RED RETROSPOT,SET OF 4 PANTRY JELLY MOULDS,0.69
127,FELTCRAFT DOLL EMILY,FELTCRAFT DOLL MOLLY,0.69
127,ROLL WRAP 50'S CHRISTMAS,ROLL WRAP 50'S RED CHRISTMAS ,0.69
127,JUMBO SHOPPER VINTAGE RED PAISLEY,LUNCH BAG SPACEBOY DESIGN ,0.69
127,PLASTERS IN TIN WOODLAND ANIMALS,ROUND SNACK BOXES SET OF4 WOODLAND ,0.69
126,JUMBO BAG RED RETROSPOT,RED RETROSPOT PICNIC BAG,0.68
126,PINK REGENCY TEACUP AND SAUCER,REGENCY TEA PLATE PINK,0.68
126,DOORMAT RED RETROSPOT,JUMBO BAG RED RETROSPOT,0.68
126,POSTAGE,SPACEBOY LUNCH BOX ,0.68
126,LUNCH BAG SPACEBOY DESIGN ,ROUND SNACK BOXES SET OF4 WOODLAND ,0.68
126,FELTCRAFT DOLL EMILY,FELTCRAFT DOLL ROSIE,0.68
126,GARDENERS KNEELING PAD KEEP CALM ,KNEELING MAT HOUSEWORK  DESIGN,0.68
126,DOORMAT ENGLISH ROSE ,DOORMAT NEW ENGLAND,0.68
126,GARDENERS KNEELING PAD CUP OF TEA ,WHITE HANGING HEART T-LIGHT HOLDER,0.68
126,HEART OF WICKER SMALL,LARGE WHITE HEART OF WICKER,0.68
126,CHARLOTTE BAG APPLES DESIGN,JUMBO BAG RED RETROSPOT,0.68
126,BEWARE OF THE CAT METAL SIGN ,PLEASE ONE PERSON METAL SIGN,0.68
126,HAND OVER THE CHOCOLATE   SIGN ,YOU'RE CONFUSING ME METAL SIGN ,0.68
126,HEART OF WICKER SMALL,WOODEN PICTURE FRAME WHITE FINISH,0.68
126,JUMBO BAG PINK VINTAGE PAISLEY,LUNCH BAG PINK POLKADOT,0.68
125,GLASS APOTHECARY BOTTLE PERFUME,GLASS APOTHECARY BOTTLE TONIC,0.67
125,HOT WATER BOTTLE TEA AND SYMPATHY,LOVE HOT WATER BOTTLE,0.67
125,JUMBO  BAG BAROQUE BLACK WHITE,LUNCH BAG CARS BLUE,0.67
125,DECORATIVE WICKER HEART LARGE,IVORY WICKER HEART LARGE,0.67
125,DOORMAT HEARTS,DOORMAT NEW ENGLAND,0.67
125,ALARM CLOCK BAKELIKE GREEN,REGENCY CAKESTAND 3 TIER,0.67
125,PINK POLKADOT BOWL,RED RETROSPOT BOWL,0.67
125,JUMBO BAG VINTAGE LEAF,LUNCH BAG SPACEBOY DESIGN ,0.67
125,GIN + TONIC DIET METAL SIGN,POTTERING IN THE SHED METAL SIGN,0.67
125,LUNCH BAG RED RETROSPOT,RECYCLING BAG RETROSPOT ,0.67
125,JUMBO BAG STRAWBERRY,STRAWBERRY CHARLOTTE BAG,0.67
125,PACK OF 72 RETROSPOT CAKE CASES,PARTY BUNTING,0.67
125,JUMBO BAG PINK VINTAGE PAISLEY,JUMBO BAG SPACEBOY DESIGN,0.67
124,JUMBO BAG APPLES,JUMBO BAG PINK VINTAGE PAISLEY,0.67
124,GIN + TONIC DIET METAL SIGN,HOT BATHS METAL SIGN,0.67
124,GARDENERS KNEELING PAD KEEP CALM ,JUMBO BAG RED RETROSPOT,0.67
124,IVORY WICKER HEART LARGE,IVORY WICKER HEART MEDIUM,0.67
124,SPACEBOY CHILDRENS BOWL,SPACEBOY CHILDRENS CUP,0.67
124,JUMBO BAG VINTAGE CHRISTMAS ,JUMBO BAG VINTAGE DOILY ,0.67
124,PLASTERS IN TIN SPACEBOY,POSTAGE,0.67
124,REGENCY TEA PLATE GREEN ,REGENCY TEAPOT ROSES ,0.67
124,ALARM CLOCK BAKELIKE RED ,ASSORTED COLOUR BIRD ORNAMENT,0.67
124,CHARLOTTE BAG APPLES DESIGN,LUNCH BAG VINTAGE LEAF DESIGN,0.67
124,PINK REGENCY TEACUP AND SAUCER,REGENCY TEA PLATE GREEN ,0.67
124,PINK REGENCY TEACUP AND SAUCER,REGENCY TEA PLATE ROSES ,0.67
124,60 CAKE CASES DOLLY GIRL DESIGN,72 SWEETHEART FAIRY CAKE CASES,0.67
124,RED RETROSPOT BOWL,RED RETROSPOT CUP,0.67
124,PHOTO FRAME CORNICE,WOODEN FRAME ANTIQUE WHITE ,0.67
124,JAM MAKING SET WITH JARS,WHITE HANGING HEART T-LIGHT HOLDER,0.67
124,SMALL CHOCOLATES PINK BOWL,SMALL MARSHMALLOWS PINK BOWL,0.67
124,SET OF 3 CAKE TINS PANTRY DESIGN ,SPOTTY BUNTING,0.67
124,JUMBO BAG ALPHABET,JUMBO BAG SCANDINAVIAN BLUE PAISLEY,0.67
123,LUNCH BAG RED RETROSPOT,ROUND SNACK BOXES SET OF4 WOODLAND ,0.66
123,6 GIFT TAGS 50'S CHRISTMAS ,6 GIFT TAGS VINTAGE CHRISTMAS ,0.66
123,LUNCH BAG RED RETROSPOT,STRAWBERRY LUNCH BOX WITH CUTLERY,0.66
123,CHILDS BREAKFAST SET DOLLY GIRL ,CHILDS BREAKFAST SET SPACEBOY ,0.66
123,GREEN REGENCY TEACUP AND SAUCER,REGENCY SUGAR BOWL GREEN,0.66
123,PACK OF 72 RETROSPOT CAKE CASES,RECIPE BOX PANTRY YELLOW DESIGN,0.66
123,AREA PATROLLED METAL SIGN,GIN + TONIC DIET METAL SIGN,0.66
123,LUNCH BAG PINK POLKADOT,SPOTTY BUNTING,0.66
123,JUMBO BAG RED RETROSPOT,JUMBO BAG VINTAGE CHRISTMAS ,0.66
123,LUNCH BAG SPACEBOY DESIGN ,PACK OF 72 RETROSPOT CAKE CASES,0.66
123,JUMBO  BAG BAROQUE BLACK WHITE,JUMBO BAG WOODLAND ANIMALS,0.66
123,LUNCH BAG SUKI DESIGN ,WOODLAND CHARLOTTE BAG,0.66
123,JUMBO BAG WOODLAND ANIMALS,WOODLAND CHARLOTTE BAG,0.66
123,ALARM CLOCK BAKELIKE PINK,REGENCY CAKESTAND 3 TIER,0.66
123,HAND WARMER UNION JACK,HOT WATER BOTTLE KEEP CALM,0.66
123,HAND WARMER RED LOVE HEART,HOT WATER BOTTLE KEEP CALM,0.66
123,LUNCH BAG CARS BLUE,LUNCH BAG DOILEY PATTERN ,0.66
123,COOK WITH WINE METAL SIGN ,POTTERING IN THE SHED METAL SIGN,0.66
123,ROBOT BIRTHDAY CARD,SPACEBOY BIRTHDAY CARD,0.66
123,JUMBO BAG VINTAGE LEAF,SPOTTY BUNTING,0.66
122,COFFEE MUG CAT + BIRD DESIGN,COFFEE MUG DOG + BALL DESIGN,0.66
122,JUMBO STORAGE BAG SKULLS,LUNCH BAG CARS BLUE,0.66
122,BAKING SET 9 PIECE RETROSPOT ,PACK OF 72 RETROSPOT CAKE CASES,0.66
122,JUMBO BAG APPLES,JUMBO BAG SCANDINAVIAN BLUE PAISLEY,0.66
122,LUNCH BAG  BLACK SKULL.,PARTY BUNTING,0.66
122,HOMEMADE JAM SCENTED CANDLES,SET OF 3 CAKE TINS PANTRY DESIGN ,0.66
122,LUNCH BAG  BLACK SKULL.,PLASTERS IN TIN SKULLS,0.66
122,GIRAFFE WOODEN RULER,REVOLVER WOODEN RULER ,0.66
122,3 PIECE SPACEBOY COOKIE CUTTER SET,SET OF 3 BUTTERFLY COOKIE CUTTERS,0.66
122,ASSORTED COLOUR MINI CASES,RED RETROSPOT MINI CASES,0.66
122,PLASTERS IN TIN CIRCUS PARADE ,PLASTERS IN TIN SKULLS,0.66
122,GARDENERS KNEELING PAD KEEP CALM ,SPOTTY BUNTING,0.66
122,12 PENCILS SMALL TUBE RED RETROSPOT,12 PENCILS SMALL TUBE SKULL,0.66
122,TRAVEL CARD WALLET KEEP CALM,TRAVEL CARD WALLET UNION JACK,0.66
122,GINGERBREAD MAN COOKIE CUTTER,SET OF 4 PANTRY JELLY MOULDS,0.66
122,CREAM SWEETHEART MINI CHEST,WHITE HANGING HEART T-LIGHT HOLDER,0.66
122,LUNCH BOX I LOVE LONDON,PACK OF 12 LONDON TISSUES ,0.66
121,NATURAL SLATE HEART CHALKBOARD ,REGENCY CAKESTAND 3 TIER,0.65
121,LARGE WHITE HEART OF WICKER,WHITE WICKER STAR ,0.65
121,SET OF 4 PANTRY JELLY MOULDS,SET OF 6 SPICE TINS PANTRY DESIGN,0.65
121,JUMBO BAG SPACEBOY DESIGN,LUNCH BAG  BLACK SKULL.,0.65
121,MINT KITCHEN SCALES,RED KITCHEN SCALES,0.65
121,GINGERBREAD MAN COOKIE CUTTER,PACK OF 72 RETROSPOT CAKE CASES,0.65
121,LUNCH BAG PINK POLKADOT,PACK OF 72 RETROSPOT CAKE CASES,0.65
121,PANTRY SCRUBBING BRUSH,PANTRY WASHING UP BRUSH,0.65
121,HOT WATER BOTTLE I AM SO POORLY,RETROSPOT HEART HOT WATER BOTTLE,0.65
121,JUMBO BAG OWLS,JUMBO BAG STRAWBERRY,0.65
121,ROLL WRAP 50'S CHRISTMAS,ROLL WRAP VINTAGE CHRISTMAS,0.65
121,CHARLOTTE BAG SUKI DESIGN,JUMBO BAG PINK POLKADOT,0.65
121,JUMBO BAG APPLES,JUMBO STORAGE BAG SKULLS,0.65
121,REGENCY CAKESTAND 3 TIER,SPOTTY BUNTING,0.65
121,HANGING HEART ZINC T-LIGHT HOLDER,WHITE HANGING HEART T-LIGHT HOLDER,0.65
121,SET OF 4 PANTRY JELLY MOULDS,SET/5 RED RETROSPOT LID GLASS BOWLS,0.65
121,BLUE POLKADOT WRAP,RED RETROSPOT WRAP ,0.65
120,SET OF 3 CAKE TINS PANTRY DESIGN ,SET OF 60 PANTRY DESIGN CAKE CASES ,0.65
120,ASSORTED COLOUR BIRD ORNAMENT,HEART OF WICKER LARGE,0.65
120,LUNCH BAG PINK POLKADOT,PARTY BUNTING,0.65
120,RED RETROSPOT CHARLOTTE BAG,WHITE HANGING HEART T-LIGHT HOLDER,0.65
120,LUNCH BAG RED RETROSPOT,RECIPE BOX PANTRY YELLOW DESIGN,0.65
120,JUMBO BAG RED RETROSPOT,SET/20 RED RETROSPOT PAPER NAPKINS ,0.65
120,ROSES REGENCY TEACUP AND SAUCER ,WHITE HANGING HEART T-LIGHT HOLDER,0.65
120,JUMBO BAG PEARS,JUMBO SHOPPER VINTAGE RED PAISLEY,0.65
120,HAND OVER THE CHOCOLATE   SIGN ,METAL SIGN TAKE IT OR LEAVE IT ,0.65
120,JUMBO BAG STRAWBERRY,RED RETROSPOT CHARLOTTE BAG,0.65
120,"KEY FOB , BACK DOOR ","KEY FOB , FRONT  DOOR ",0.65
120,JAM MAKING SET PRINTED,SET OF 6 SPICE TINS PANTRY DESIGN,0.65
120,CHOCOLATE HOT WATER BOTTLE,LOVE HOT WATER BOTTLE,0.65
120,PARTY BUNTING,VICTORIAN GLASS HANGING T-LIGHT,0.65
120,SET OF 4 PANTRY JELLY MOULDS,SPOTTY BUNTING,0.65
120,JUMBO BAG ALPHABET,LUNCH BAG SPACEBOY DESIGN ,0.65
120,DOLLY GIRL LUNCH BOX,REGENCY CAKESTAND 3 TIER,0.65
120,JUMBO SHOPPER VINTAGE RED PAISLEY,LUNCH BAG APPLE DESIGN,0.65
120,STRAWBERRY CERAMIC TRINKET BOX,WHITE HANGING HEART T-LIGHT HOLDER,0.65
120,HAND WARMER OWL DESIGN,SCOTTIE DOG HOT WATER BOTTLE,0.65
120,JUMBO BAG APPLES,RED RETROSPOT CHARLOTTE BAG,0.65
120,DOLLY GIRL LUNCH BOX,LUNCH BAG WOODLAND,0.65
119,JUMBO BAG RED RETROSPOT,NATURAL SLATE HEART CHALKBOARD ,0.64
119,WHITE HANGING HEART T-LIGHT HOLDER,WOOD S/3 CABINET ANT WHITE FINISH,0.64
119,DOORMAT NEW ENGLAND,WHITE HANGING HEART T-LIGHT HOLDER,0.64
119,GREEN REGENCY TEACUP AND SAUCER,REGENCY TEA PLATE PINK,0.64
119,ALARM CLOCK BAKELIKE GREEN,SET OF 3 CAKE TINS PANTRY DESIGN ,0.64
119,PACK OF 60 DINOSAUR CAKE CASES,PACK OF 60 MUSHROOM CAKE CASES,0.64
119,GIANT 50'S CHRISTMAS CRACKER,PAPER CHAIN KIT 50'S CHRISTMAS ,0.64
119,JUMBO BAG VINTAGE LEAF,JUMBO STORAGE BAG SKULLS,0.64
119,LUNCH BAG APPLE DESIGN,WHITE HANGING HEART T-LIGHT HOLDER,0.64
119,LUNCH BAG  BLACK SKULL.,SPOTTY BUNTING,0.64
119,TRAVEL CARD WALLET KEEP CALM,TRAVEL CARD WALLET TRANSPORT,0.64
119,JAM MAKING SET PRINTED,WHITE HANGING HEART T-LIGHT HOLDER,0.64
119,HOMEMADE JAM SCENTED CANDLES,JAM MAKING SET WITH JARS,0.64
119,GREEN REGENCY TEACUP AND SAUCER,SET OF 3 REGENCY CAKE TINS,0.64
119,SET OF 3 REGENCY CAKE TINS,SET OF 60 PANTRY DESIGN CAKE CASES ,0.64
119,JUMBO BAG PEARS,LUNCH BAG RED RETROSPOT,0.64
119,JUMBO BAG APPLES,SPOTTY BUNTING,0.64
119,JUMBO  BAG BAROQUE BLACK WHITE,LUNCH BAG SUKI DESIGN ,0.64
119,COLOUR GLASS T-LIGHT HOLDER HANGING,VICTORIAN GLASS HANGING T-LIGHT,0.64
119,60 TEATIME FAIRY CAKE CASES,LUNCH BAG RED RETROSPOT,0.64
118,DOORMAT KEEP CALM AND COME IN,DOORMAT UNION FLAG,0.64
118,JUMBO STORAGE BAG SKULLS,LUNCH BAG SPACEBOY DESIGN ,0.64
118,JUMBO BAG PEARS,LUNCH BAG  BLACK SKULL.,0.64
118,6 GIFT TAGS 50'S CHRISTMAS ,ROLL WRAP 50'S CHRISTMAS,0.64
118,SCOTTIE DOG HOT WATER BOTTLE,WHITE HANGING HEART T-LIGHT HOLDER,0.64
118,CLOTHES PEGS RETROSPOT PACK 24 ,LUNCH BAG RED RETROSPOT,0.64
118,JUMBO BAG STRAWBERRY,LUNCH BAG CARS BLUE,0.64
118,LUNCH BAG SPACEBOY DESIGN ,WOODLAND CHARLOTTE BAG,0.64
118,RED RETROSPOT BOWL,RED RETROSPOT PLATE ,0.64
118,REGENCY CAKESTAND 3 TIER,WOODEN PICTURE FRAME WHITE FINISH,0.64
118,DOLLY GIRL CHILDRENS BOWL,SPACEBOY CHILDRENS BOWL,0.64
118,WOOD S/3 CABINET ANT WHITE FINISH,WOODEN FRAME ANTIQUE WHITE ,0.64
118,6 RIBBONS RUSTIC CHARM,PACK OF 72 RETROSPOT CAKE CASES,0.64
118,ASSORTED COLOUR BIRD ORNAMENT,HEART OF WICKER SMALL,0.64
118,JUMBO BAG PINK VINTAGE PAISLEY,LUNCH BAG SUKI DESIGN ,0.64
118,JUMBO STORAGE BAG SKULLS,LUNCH BAG SUKI DESIGN ,0.64
118,ALARM CLOCK BAKELIKE CHOCOLATE,ALARM CLOCK BAKELIKE ORANGE,0.64
118,PAPER CHAIN KIT VINTAGE CHRISTMAS,VINTAGE CHRISTMAS BUNTING,0.64
118,GIN + TONIC DIET METAL SIGN,LADIES & GENTLEMEN METAL SIGN,0.64
118,DOORMAT ENGLISH ROSE ,DOORMAT RED RETROSPOT,0.64
118,ASSORTED COLOUR BIRD ORNAMENT,JUMBO BAG RED RETROSPOT,0.64
118,PINK  POLKADOT CUP,RED RETROSPOT CUP,0.64
117,RED  HARMONICA IN BOX ,VINTAGE SNAP CARDS,0.63
117,LUNCH BAG DOILEY PATTERN ,LUNCH BAG SPACEBOY DESIGN ,0.63
117,LUNCH BAG CARS BLUE,SPOTTY BUNTING,0.63
117,SET OF 3 BUTTERFLY COOKIE CUTTERS,SET OF 4 PANTRY JELLY MOULDS,0.63
117,REGENCY CAKESTAND 3 TIER,VICTORIAN GLASS HANGING T-LIGHT,0.63
117,BAKING SET 9 PIECE RETROSPOT ,SET OF 3 CAKE TINS PANTRY DESIGN ,0.63
117,BISCUIT TIN 50'S CHRISTMAS,PAPER CHAIN KIT 50'S CHRISTMAS ,0.63
117,HEART OF WICKER LARGE,WOODEN FRAME ANTIQUE WHITE ,0.63
117,LUNCH BAG WOODLAND,PLASTERS IN TIN WOODLAND ANIMALS,0.63
117,CHOCOLATE HOT WATER BOTTLE,WHITE HANGING HEART T-LIGHT HOLDER,0.63
117,GINGERBREAD MAN COOKIE CUTTER,SET OF 3 CAKE TINS PANTRY DESIGN ,0.63
117,JUMBO  BAG BAROQUE BLACK WHITE,LUNCH BAG PINK POLKADOT,0.63
117,DOLLY GIRL CHILDRENS BOWL,DOLLY GIRL CHILDRENS CUP,0.63
117,LUNCH BAG SUKI DESIGN ,PACK OF 72 RETROSPOT CAKE CASES,0.63
117,LARGE CERAMIC TOP STORAGE JAR,MEDIUM CERAMIC TOP STORAGE JAR,0.63
117,JUMBO BAG VINTAGE LEAF,LUNCH BAG VINTAGE DOILY ,0.63
117,DOORMAT RED RETROSPOT,WHITE HANGING HEART T-LIGHT HOLDER,0.63
116,FELTCRAFT BUTTERFLY HEARTS,PINK BLUE FELT CRAFT TRINKET BOX,0.63
116,CHARLOTTE BAG PINK POLKADOT,CHARLOTTE BAG VINTAGE ALPHABET ,0.63
116,REGENCY SUGAR BOWL GREEN,REGENCY TEA PLATE PINK,0.63
116,RED RETROSPOT SMALL MILK JUG,RED RETROSPOT SUGAR JAM BOWL,0.63
116,JUMBO BAG VINTAGE LEAF,RED RETROSPOT CHARLOTTE BAG,0.63
116,HEART OF WICKER SMALL,WOODEN FRAME ANTIQUE WHITE ,0.63
116,LARGE HEART MEASURING SPOONS,SMALL HEART MEASURING SPOONS,0.63
116,SCANDINAVIAN REDS RIBBONS,TRADITIONAL CHRISTMAS RIBBONS,0.63
116,FELTCRAFT BUTTERFLY HEARTS,PINK CREAM FELT CRAFT TRINKET BOX ,0.63
116,PACK OF 60 PINK PAISLEY CAKE CASES,SET OF 4 PANTRY JELLY MOULDS,0.63
116,LUNCH BAG RED RETROSPOT,PLASTERS IN TIN SPACEBOY,0.63
116,JUMBO BAG 50'S CHRISTMAS ,JUMBO BAG VINTAGE LEAF,0.63
116,LUNCH BAG SPACEBOY DESIGN ,PARTY BUNTING,0.63
116,6 RIBBONS RUSTIC CHARM,SET OF 3 CAKE TINS PANTRY DESIGN ,0.63
116,HOT BATHS METAL SIGN,PLEASE ONE PERSON METAL SIGN,0.63
116,HOME BUILDING BLOCK WORD,WOODEN PICTURE FRAME WHITE FINISH,0.63
116,AREA PATROLLED METAL SIGN,PLEASE ONE PERSON METAL SIGN,0.63
116,ROSES REGENCY TEACUP AND SAUCER ,SET OF 3 CAKE TINS PANTRY DESIGN ,0.63
116,60 TEATIME FAIRY CAKE CASES,REGENCY CAKESTAND 3 TIER,0.63
116,CHARLOTTE BAG VINTAGE ALPHABET ,STRAWBERRY CHARLOTTE BAG,0.63
116,60 TEATIME FAIRY CAKE CASES,PACK OF 60 MUSHROOM CAKE CASES,0.63
116,60 TEATIME FAIRY CAKE CASES,JUMBO BAG RED RETROSPOT,0.63
116,LUNCH BAG APPLE DESIGN,STRAWBERRY CHARLOTTE BAG,0.63
116,RECIPE BOX PANTRY YELLOW DESIGN,SET/5 RED RETROSPOT LID GLASS BOWLS,0.63
116,FELTCRAFT PRINCESS CHARLOTTE DOLL,PINK CREAM FELT CRAFT TRINKET BOX ,0.63
116,HEART OF WICKER LARGE,WOODEN PICTURE FRAME WHITE FINISH,0.63
115,IVORY WICKER HEART LARGE,SMALL WHITE HEART OF WICKER,0.62
115,JUMBO BAG VINTAGE DOILY ,LUNCH BAG APPLE DESIGN,0.62
115,BLUE VINTAGE SPOT BEAKER,PINK VINTAGE SPOT BEAKER,0.62
115,ALARM CLOCK BAKELIKE RED ,PARTY BUNTING,0.62
115,HOT WATER BOTTLE KEEP CALM,RETROSPOT HEART HOT WATER BOTTLE,0.62
115,CHARLOTTE BAG VINTAGE ALPHABET ,JUMBO BAG ALPHABET,0.62
115,CHOCOLATE THIS WAY METAL SIGN,PLEASE ONE PERSON METAL SIGN,0.62
115,CHARLOTTE BAG PINK POLKADOT,LUNCH BAG SUKI DESIGN ,0.62
115,BATHROOM METAL SIGN,WHITE HANGING HEART T-LIGHT HOLDER,0.62
115,BOX OF 6 MINI VINTAGE CRACKERS,SET OF 20 VINTAGE CHRISTMAS NAPKINS,0.62
115,CHARLOTTE BAG APPLES DESIGN,LUNCH BAG SUKI DESIGN ,0.62
115,JUMBO BAG PEARS,JUMBO BAG STRAWBERRY,0.62
115,JUMBO BAG SPACEBOY DESIGN,LUNCH BAG PINK POLKADOT,0.62
115,GLASS APOTHECARY BOTTLE ELIXIR,GLASS APOTHECARY BOTTLE PERFUME,0.62
115,PACK OF 72 RETROSPOT CAKE CASES,SET OF 60 VINTAGE LEAF CAKE CASES ,0.62
115,NATURAL SLATE HEART CHALKBOARD ,NATURAL SLATE RECTANGLE CHALKBOARD,0.62
115,METAL SIGN TAKE IT OR LEAVE IT ,PLEASE ONE PERSON METAL SIGN,0.62
115,HEART OF WICKER SMALL,PARTY BUNTING,0.62
115,TRAVEL CARD WALLET KEEP CALM,TRAVEL CARD WALLET RETROSPOT,0.62
115,ALARM CLOCK BAKELIKE RED ,RED DINER WALL CLOCK,0.62
115,SET/20 RED RETROSPOT PAPER NAPKINS ,WHITE HANGING HEART T-LIGHT HOLDER,0.62
115,PACK OF 6 SKULL PAPER CUPS,PACK OF 6 SKULL PAPER PLATES,0.62
115,GARDENERS KNEELING PAD CUP OF TEA ,KNEELING MAT HOUSEWORK  DESIGN,0.62
115,CHARLOTTE BAG APPLES DESIGN,CHARLOTTE BAG DOLLY GIRL DESIGN,0.62
115,JUMBO BAG 50'S CHRISTMAS ,JUMBO BAG ALPHABET,0.62
115,SMALL WHITE HEART OF WICKER,WHITE WICKER STAR ,0.62
115,JUMBO BAG PINK POLKADOT,STRAWBERRY CHARLOTTE BAG,0.62
114,LUNCH BAG RED RETROSPOT,PLASTERS IN TIN WOODLAND ANIMALS,0.62
114,SCOTTIE DOG HOT WATER BOTTLE,WHITE SKULL HOT WATER BOTTLE ,0.62
114,JUMBO BAG STRAWBERRY,LUNCH BAG SPACEBOY DESIGN ,0.62
114,CHILDRENS APRON APPLES DESIGN,CHILDRENS APRON SPACEBOY DESIGN,0.62
114,JUMBO BAG DOILEY PATTERNS,LUNCH BAG APPLE DESIGN,0.62
114,PAPER CHAIN KIT 50'S CHRISTMAS ,PAPER CHAIN KIT RETROSPOT,0.62
114,PACK OF 20 NAPKINS PANTRY DESIGN,SET/20 RED RETROSPOT PAPER NAPKINS ,0.62
114,HAND WARMER BIRD DESIGN,PAPER CHAIN KIT 50'S CHRISTMAS ,0.62
114,COLOUR GLASS T-LIGHT HOLDER HANGING,WHITE HANGING HEART T-LIGHT HOLDER,0.62
114,NATURAL SLATE HEART CHALKBOARD ,SET OF 3 CAKE TINS PANTRY DESIGN ,0.62
114,BAKING SET 9 PIECE RETROSPOT ,WHITE HANGING HEART T-LIGHT HOLDER,0.62
114,CHILDRENS APRON SPACEBOY DESIGN,LUNCH BAG SPACEBOY DESIGN ,0.62
114,BLUE HARMONICA IN BOX ,VINTAGE SNAP CARDS,0.62
114,REGENCY TEAPOT ROSES ,SET OF 3 REGENCY CAKE TINS,0.62
114,LUNCH BAG RED RETROSPOT,PACK OF 72 SKULL CAKE CASES,0.62
113,HAND WARMER SCOTTY DOG DESIGN,PAPER CHAIN KIT 50'S CHRISTMAS ,0.61
113,RECIPE BOX BLUE SKETCHBOOK DESIGN,RECIPE BOX PANTRY YELLOW DESIGN,0.61
113,PLAYING CARDS JUBILEE UNION JACK,PLAYING CARDS KEEP CALM & CARRY ON,0.61
113,TRADITIONAL NAUGHTS & CROSSES,TRADITIONAL PICK UP STICKS GAME ,0.61
113,POSTAGE,RABBIT NIGHT LIGHT,0.61
113,PACK OF 12 COLOURED PENCILS,PACK OF 12 TRADITIONAL CRAYONS,0.61
113,AREA PATROLLED METAL SIGN,BEWARE OF THE CAT METAL SIGN ,0.61
113,DOORMAT KEEP CALM AND COME IN,HOT WATER BOTTLE KEEP CALM,0.61
113,"KEY FOB , FRONT  DOOR ","KEY FOB , SHED",0.61
113,PACK OF 60 PINK PAISLEY CAKE CASES,WHITE HANGING HEART T-LIGHT HOLDER,0.61
113,JAM MAKING SET WITH JARS,PARTY BUNTING,0.61
113,PICTURE DOMINOES,VINTAGE HEADS AND TAILS CARD GAME ,0.61
113,CARD DOLLY GIRL ,SPACEBOY BIRTHDAY CARD,0.61
113,DINOSAUR LUNCH BOX WITH CUTLERY,STRAWBERRY LUNCH BOX WITH CUTLERY,0.61
113,SET OF 4 JAM JAR MAGNETS,SET OF 5 PANCAKE DAY MAGNETS,0.61
113,JUMBO STORAGE BAG SUKI,LUNCH BAG DOLLY GIRL DESIGN,0.61
113,PAPER BUNTING RETROSPOT,SET/20 RED RETROSPOT PAPER NAPKINS ,0.61
113,HEART OF WICKER LARGE,HOME BUILDING BLOCK WORD,0.61
113,JUMBO SHOPPER VINTAGE RED PAISLEY,PARTY BUNTING,0.61
113,SET OF 3 HEART COOKIE CUTTERS,WHITE HANGING HEART T-LIGHT HOLDER,0.61
113,REGENCY MILK JUG PINK ,REGENCY TEA PLATE GREEN ,0.61
113,PAPER CHAIN KIT 50'S CHRISTMAS ,WHITE HANGING HEART T-LIGHT HOLDER,0.61
113,JUMBO BAG WOODLAND ANIMALS,LUNCH BAG SPACEBOY DESIGN ,0.61
112,JUMBO BAG STRAWBERRY,LUNCH BAG SUKI DESIGN ,0.6
112,BOX OF 6 MINI 50'S CRACKERS,GIANT 50'S CHRISTMAS CRACKER,0.6
112,PANTRY WASHING UP BRUSH,SET OF 4 PANTRY JELLY MOULDS,0.6
112,SET 2 PANTRY DESIGN TEA TOWELS,SET OF 3 CAKE TINS PANTRY DESIGN ,0.6
112,JUMBO BAG OWLS,JUMBO SHOPPER VINTAGE RED PAISLEY,0.6
112,JUMBO BAG PEARS,JUMBO STORAGE BAG SUKI,0.6
112,60 TEATIME FAIRY CAKE CASES,SET OF 4 PANTRY JELLY MOULDS,0.6
112,BOX OF 6 MINI VINTAGE CRACKERS,PAPER CHAIN KIT 50'S CHRISTMAS ,0.6
112,DOORMAT HEARTS,WHITE HANGING HEART T-LIGHT HOLDER,0.6
112,CHILDRENS CUTLERY POLKADOT GREEN ,CHILDRENS CUTLERY RETROSPOT RED ,0.6
112,JUMBO BAG PEARS,LUNCH BAG VINTAGE LEAF DESIGN,0.6
112,JUMBO BAG RED RETROSPOT,SPACEBOY LUNCH BOX ,0.6
112,WATERING CAN GREEN DINOSAUR,WATERING CAN PINK BUNNY,0.6
112,JUMBO BAG PINK VINTAGE PAISLEY,LUNCH BAG  BLACK SKULL.,0.6
112,JUMBO BAG SCANDINAVIAN BLUE PAISLEY,JUMBO BAG VINTAGE DOILY ,0.6
112,JUMBO BAG ALPHABET,SPOTTY BUNTING,0.6
112,LUNCH BAG RED RETROSPOT,PACK OF 60 DINOSAUR CAKE CASES,0.6
112,BLUE HAPPY BIRTHDAY BUNTING,PARTY BUNTING,0.6
112,FAWN BLUE HOT WATER BOTTLE,SCOTTIE DOG HOT WATER BOTTLE,0.6
112,SMALL RED BABUSHKA NOTEBOOK ,SMALL YELLOW BABUSHKA NOTEBOOK ,0.6
112,60 CAKE CASES DOLLY GIRL DESIGN,PACK OF 72 SKULL CAKE CASES,0.6
111,GLASS APOTHECARY BOTTLE ELIXIR,GLASS APOTHECARY BOTTLE TONIC,0.6
111,PACK OF 20 NAPKINS PANTRY DESIGN,RECIPE BOX PANTRY YELLOW DESIGN,0.6
